V1.Demo.ResponseID,measure,is_unfam,pos_important,pos_estimable,neg_important,neg_estimable,both_pos,both_neg,mixed,level
R_0GMFbyi9FK4kkGB,AvgDegree,0,1,1,0,0,1,0,0,Graph
R_0GMFbyi9FK4kkGB,AvgPathLength,0,0,1,1,0,0,0,1,Graph
R_0GMFbyi9FK4kkGB,AvgShortestPath,0,0,0,1,1,0,1,0,Graph
R_0GMFbyi9FK4kkGB,ClosenessCentrality,0,1,0,0,1,0,0,1,Element
R_0GMFbyi9FK4kkGB,ClusteringCoeff,0,1,0,0,1,0,0,1,Graph
R_0GMFbyi9FK4kkGB,ComponentSize,0,0,0,1,1,0,1,0,Cluster
R_0GMFbyi9FK4kkGB,Density,0,1,0,0,1,0,0,1,Graph
R_0GMFbyi9FK4kkGB,Diameter,0,0,1,1,0,0,0,1,Graph
R_0GMFbyi9FK4kkGB,EigenvectorCentrality,0,1,0,0,1,0,0,1,Element
R_0GMFbyi9FK4kkGB,LinkBC,0,0,0,1,1,0,1,0,Element
R_0GMFbyi9FK4kkGB,Loops,0,0,-99,1,-99,-99,-99,-99,Element
R_0GMFbyi9FK4kkGB,Modularity,0,0,0,1,1,0,1,0,Cluster
R_0GMFbyi9FK4kkGB,NodeBC,0,1,0,0,1,0,0,1,Element
R_0GMFbyi9FK4kkGB,NodeDegree,0,1,1,0,0,1,0,0,Element
R_0GMFbyi9FK4kkGB,NumComponents,0,0,1,1,0,0,0,1,Cluster
R_0GMFbyi9FK4kkGB,NumLinks,0,1,0,0,1,0,0,1,Graph
R_0GMFbyi9FK4kkGB,NumNodes,0,1,1,0,0,1,0,0,Graph
R_1C9OM6dEMh6bC2K,AvgDegree,0,1,0,0,1,0,0,1,Graph
R_1C9OM6dEMh6bC2K,AvgPathLength,0,0,0,1,1,0,1,0,Graph
R_1C9OM6dEMh6bC2K,AvgShortestPath,0,0,0,1,1,0,1,0,Graph
R_1C9OM6dEMh6bC2K,ClosenessCentrality,0,1,0,0,1,0,0,1,Element
R_1C9OM6dEMh6bC2K,ClusteringCoeff,0,0,0,1,1,0,1,0,Graph
R_1C9OM6dEMh6bC2K,ComponentSize,0,0,0,1,1,0,1,0,Cluster
R_1C9OM6dEMh6bC2K,Density,0,1,1,0,0,1,0,0,Graph
R_1C9OM6dEMh6bC2K,Diameter,0,0,0,1,1,0,1,0,Graph
R_1C9OM6dEMh6bC2K,EigenvectorCentrality,0,0,0,1,1,0,1,0,Element
R_1C9OM6dEMh6bC2K,LinkBC,0,0,0,1,1,0,1,0,Element
R_1C9OM6dEMh6bC2K,Loops,0,0,-99,1,-99,-99,-99,-99,Element
R_1C9OM6dEMh6bC2K,Modularity,0,0,0,1,1,0,1,0,Cluster
R_1C9OM6dEMh6bC2K,NodeBC,0,1,0,0,1,0,0,1,Element
R_1C9OM6dEMh6bC2K,NodeDegree,0,1,1,0,0,1,0,0,Element
R_1C9OM6dEMh6bC2K,NumComponents,0,0,0,1,1,0,1,0,Cluster
R_1C9OM6dEMh6bC2K,NumLinks,0,0,0,1,1,0,1,0,Graph
R_1C9OM6dEMh6bC2K,NumNodes,0,1,0,0,1,0,0,1,Graph
R_1CJBv3T6iMWVGNi,AvgDegree,0,1,1,0,0,1,0,0,Graph
R_1CJBv3T6iMWVGNi,AvgPathLength,0,1,1,0,0,1,0,0,Graph
R_1CJBv3T6iMWVGNi,AvgShortestPath,0,1,1,0,0,1,0,0,Graph
R_1CJBv3T6iMWVGNi,ClosenessCentrality,0,1,1,0,0,1,0,0,Element
R_1CJBv3T6iMWVGNi,ClusteringCoeff,0,1,1,0,0,1,0,0,Graph
R_1CJBv3T6iMWVGNi,ComponentSize,0,1,1,0,0,1,0,0,Cluster
R_1CJBv3T6iMWVGNi,Density,0,1,1,0,0,1,0,0,Graph
R_1CJBv3T6iMWVGNi,Diameter,0,1,1,0,0,1,0,0,Graph
R_1CJBv3T6iMWVGNi,EigenvectorCentrality,0,1,1,0,0,1,0,0,Element
R_1CJBv3T6iMWVGNi,LinkBC,0,1,1,0,0,1,0,0,Element
R_1CJBv3T6iMWVGNi,Loops,0,0,-99,1,-99,-99,-99,-99,Element
R_1CJBv3T6iMWVGNi,Modularity,0,1,1,0,0,1,0,0,Cluster
R_1CJBv3T6iMWVGNi,NodeBC,0,1,1,0,0,1,0,0,Element
R_1CJBv3T6iMWVGNi,NodeDegree,0,1,1,0,0,1,0,0,Element
R_1CJBv3T6iMWVGNi,NumComponents,0,1,1,0,0,1,0,0,Cluster
R_1CJBv3T6iMWVGNi,NumLinks,0,1,1,0,0,1,0,0,Graph
R_1CJBv3T6iMWVGNi,NumNodes,0,1,1,0,0,1,0,0,Graph
R_1DI4d36ekxRhhfV,AvgDegree,0,1,0,0,1,0,0,1,Graph
R_1DI4d36ekxRhhfV,AvgPathLength,0,1,0,0,1,0,0,1,Graph
R_1DI4d36ekxRhhfV,AvgShortestPath,0,1,0,0,1,0,0,1,Graph
R_1DI4d36ekxRhhfV,ClosenessCentrality,0,1,0,0,1,0,0,1,Element
R_1DI4d36ekxRhhfV,ClusteringCoeff,0,1,1,0,0,1,0,0,Graph
R_1DI4d36ekxRhhfV,ComponentSize,0,1,1,0,0,1,0,0,Cluster
R_1DI4d36ekxRhhfV,Density,0,1,1,0,0,1,0,0,Graph
R_1DI4d36ekxRhhfV,Diameter,0,1,0,0,1,0,0,1,Graph
R_1DI4d36ekxRhhfV,EigenvectorCentrality,0,1,0,0,1,0,0,1,Element
R_1DI4d36ekxRhhfV,LinkBC,0,1,0,0,1,0,0,1,Element
R_1DI4d36ekxRhhfV,Loops,0,1,-99,0,-99,-99,-99,-99,Element
R_1DI4d36ekxRhhfV,Modularity,0,1,1,0,0,1,0,0,Cluster
R_1DI4d36ekxRhhfV,NodeBC,0,1,0,0,1,0,0,1,Element
R_1DI4d36ekxRhhfV,NodeDegree,0,1,0,0,1,0,0,1,Element
R_1DI4d36ekxRhhfV,NumComponents,0,1,1,0,0,1,0,0,Cluster
R_1DI4d36ekxRhhfV,NumLinks,0,1,0,0,1,0,0,1,Graph
R_1DI4d36ekxRhhfV,NumNodes,0,1,0,0,1,0,0,1,Graph
R_1FerHLWPb0TDWlv,AvgDegree,0,-99,-99,-99,-99,-99,-99,-99,Graph
R_1FerHLWPb0TDWlv,AvgPathLength,0,-99,-99,-99,-99,-99,-99,-99,Graph
R_1FerHLWPb0TDWlv,AvgShortestPath,0,-99,-99,-99,-99,-99,-99,-99,Graph
R_1FerHLWPb0TDWlv,ClosenessCentrality,0,-99,-99,-99,-99,-99,-99,-99,Element
R_1FerHLWPb0TDWlv,ClusteringCoeff,0,-99,-99,-99,-99,-99,-99,-99,Graph
R_1FerHLWPb0TDWlv,ComponentSize,0,-99,-99,-99,-99,-99,-99,-99,Cluster
R_1FerHLWPb0TDWlv,Density,0,-99,-99,-99,-99,-99,-99,-99,Graph
R_1FerHLWPb0TDWlv,Diameter,0,-99,-99,-99,-99,-99,-99,-99,Graph
R_1FerHLWPb0TDWlv,EigenvectorCentrality,0,-99,-99,-99,-99,-99,-99,-99,Element
R_1FerHLWPb0TDWlv,LinkBC,0,-99,-99,-99,-99,-99,-99,-99,Element
R_1FerHLWPb0TDWlv,Loops,0,-99,-99,-99,-99,-99,-99,-99,Element
R_1FerHLWPb0TDWlv,Modularity,0,-99,-99,-99,-99,-99,-99,-99,Cluster
R_1FerHLWPb0TDWlv,NodeBC,0,-99,-99,-99,-99,-99,-99,-99,Element
R_1FerHLWPb0TDWlv,NodeDegree,0,-99,-99,-99,-99,-99,-99,-99,Element
R_1FerHLWPb0TDWlv,NumComponents,0,-99,-99,-99,-99,-99,-99,-99,Cluster
R_1FerHLWPb0TDWlv,NumLinks,0,-99,-99,-99,-99,-99,-99,-99,Graph
R_1FerHLWPb0TDWlv,NumNodes,0,-99,-99,-99,-99,-99,-99,-99,Graph
R_1FKSWUWPnHiKk87,AvgDegree,0,1,0,0,1,0,0,1,Graph
R_1FKSWUWPnHiKk87,AvgPathLength,0,0,0,1,1,0,1,0,Graph
R_1FKSWUWPnHiKk87,AvgShortestPath,0,0,0,1,1,0,1,0,Graph
R_1FKSWUWPnHiKk87,ClosenessCentrality,0,0,0,1,1,0,1,0,Element
R_1FKSWUWPnHiKk87,ClusteringCoeff,0,1,1,0,0,1,0,0,Graph
R_1FKSWUWPnHiKk87,ComponentSize,0,0,0,1,1,0,1,0,Cluster
R_1FKSWUWPnHiKk87,Density,0,1,1,0,0,1,0,0,Graph
R_1FKSWUWPnHiKk87,Diameter,0,0,0,1,1,0,1,0,Graph
R_1FKSWUWPnHiKk87,EigenvectorCentrality,0,0,0,1,1,0,1,0,Element
R_1FKSWUWPnHiKk87,LinkBC,0,0,0,1,1,0,1,0,Element
R_1FKSWUWPnHiKk87,Loops,0,0,-99,1,-99,-99,-99,-99,Element
R_1FKSWUWPnHiKk87,Modularity,0,0,0,1,1,0,1,0,Cluster
R_1FKSWUWPnHiKk87,NodeBC,0,1,1,0,0,1,0,0,Element
R_1FKSWUWPnHiKk87,NodeDegree,0,1,1,0,0,1,0,0,Element
R_1FKSWUWPnHiKk87,NumComponents,0,1,1,0,0,1,0,0,Cluster
R_1FKSWUWPnHiKk87,NumLinks,0,1,0,0,1,0,0,1,Graph
R_1FKSWUWPnHiKk87,NumNodes,0,1,1,0,0,1,0,0,Graph
R_1hYasJhPjun61bv,AvgDegree,0,1,1,0,0,1,0,0,Graph
R_1hYasJhPjun61bv,AvgPathLength,0,0,0,1,1,0,1,0,Graph
R_1hYasJhPjun61bv,AvgShortestPath,0,0,0,1,1,0,1,0,Graph
R_1hYasJhPjun61bv,ClosenessCentrality,0,1,0,0,1,0,0,1,Element
R_1hYasJhPjun61bv,ClusteringCoeff,0,1,0,0,1,0,0,1,Graph
R_1hYasJhPjun61bv,ComponentSize,0,0,1,1,0,0,0,1,Cluster
R_1hYasJhPjun61bv,Density,0,1,0,0,1,0,0,1,Graph
R_1hYasJhPjun61bv,Diameter,0,0,0,1,1,0,1,0,Graph
R_1hYasJhPjun61bv,EigenvectorCentrality,0,1,0,0,1,0,0,1,Element
R_1hYasJhPjun61bv,LinkBC,0,1,0,0,1,0,0,1,Element
R_1hYasJhPjun61bv,Loops,0,1,-99,0,-99,-99,-99,-99,Element
R_1hYasJhPjun61bv,Modularity,0,1,1,0,0,1,0,0,Cluster
R_1hYasJhPjun61bv,NodeBC,0,1,0,0,1,0,0,1,Element
R_1hYasJhPjun61bv,NodeDegree,0,1,1,0,0,1,0,0,Element
R_1hYasJhPjun61bv,NumComponents,0,1,1,0,0,1,0,0,Cluster
R_1hYasJhPjun61bv,NumLinks,0,1,0,0,1,0,0,1,Graph
R_1hYasJhPjun61bv,NumNodes,0,1,1,0,0,1,0,0,Graph
R_1IsoEfA2NxRGhHX,AvgDegree,0,1,0,0,1,0,0,1,Graph
R_1IsoEfA2NxRGhHX,AvgPathLength,0,1,0,0,1,0,0,1,Graph
R_1IsoEfA2NxRGhHX,AvgShortestPath,0,1,0,0,1,0,0,1,Graph
R_1IsoEfA2NxRGhHX,ClosenessCentrality,0,0,0,1,1,0,1,0,Element
R_1IsoEfA2NxRGhHX,ClusteringCoeff,0,1,0,0,1,0,0,1,Graph
R_1IsoEfA2NxRGhHX,ComponentSize,0,1,1,0,0,1,0,0,Cluster
R_1IsoEfA2NxRGhHX,Density,0,1,0,0,1,0,0,1,Graph
R_1IsoEfA2NxRGhHX,Diameter,0,0,0,1,1,0,1,0,Graph
R_1IsoEfA2NxRGhHX,EigenvectorCentrality,0,1,0,0,1,0,0,1,Element
R_1IsoEfA2NxRGhHX,LinkBC,0,0,0,1,1,0,1,0,Element
R_1IsoEfA2NxRGhHX,Loops,0,0,-99,1,-99,-99,-99,-99,Element
R_1IsoEfA2NxRGhHX,Modularity,0,0,1,1,0,0,0,1,Cluster
R_1IsoEfA2NxRGhHX,NodeBC,0,0,0,1,1,0,1,0,Element
R_1IsoEfA2NxRGhHX,NodeDegree,0,1,0,0,1,0,0,1,Element
R_1IsoEfA2NxRGhHX,NumComponents,0,0,1,1,0,0,0,1,Cluster
R_1IsoEfA2NxRGhHX,NumLinks,0,1,0,0,1,0,0,1,Graph
R_1IsoEfA2NxRGhHX,NumNodes,0,1,0,0,1,0,0,1,Graph
R_1LzZNPtwA2QzH6q,AvgDegree,0,0,0,1,1,0,1,0,Graph
R_1LzZNPtwA2QzH6q,AvgPathLength,0,1,0,0,1,0,0,1,Graph
R_1LzZNPtwA2QzH6q,AvgShortestPath,0,1,0,0,1,0,0,1,Graph
R_1LzZNPtwA2QzH6q,ClosenessCentrality,0,0,0,1,1,0,1,0,Element
R_1LzZNPtwA2QzH6q,ClusteringCoeff,0,0,0,1,1,0,1,0,Graph
R_1LzZNPtwA2QzH6q,ComponentSize,0,1,0,0,1,0,0,1,Cluster
R_1LzZNPtwA2QzH6q,Density,0,0,0,1,1,0,1,0,Graph
R_1LzZNPtwA2QzH6q,Diameter,0,1,0,0,1,0,0,1,Graph
R_1LzZNPtwA2QzH6q,EigenvectorCentrality,0,0,0,1,1,0,1,0,Element
R_1LzZNPtwA2QzH6q,LinkBC,0,0,0,1,1,0,1,0,Element
R_1LzZNPtwA2QzH6q,Loops,0,1,-99,0,-99,-99,-99,-99,Element
R_1LzZNPtwA2QzH6q,Modularity,0,0,1,1,0,0,0,1,Cluster
R_1LzZNPtwA2QzH6q,NodeBC,0,0,0,1,1,0,1,0,Element
R_1LzZNPtwA2QzH6q,NodeDegree,0,0,0,1,1,0,1,0,Element
R_1LzZNPtwA2QzH6q,NumComponents,0,1,0,0,1,0,0,1,Cluster
R_1LzZNPtwA2QzH6q,NumLinks,0,0,0,1,1,0,1,0,Graph
R_1LzZNPtwA2QzH6q,NumNodes,0,1,1,0,0,1,0,0,Graph
R_1N9TRjqcb9Fk4CR,AvgDegree,0,0,1,1,0,0,0,1,Graph
R_1N9TRjqcb9Fk4CR,AvgPathLength,0,1,1,0,0,1,0,0,Graph
R_1N9TRjqcb9Fk4CR,AvgShortestPath,0,1,1,0,0,1,0,0,Graph
R_1N9TRjqcb9Fk4CR,ClosenessCentrality,0,1,1,0,0,1,0,0,Element
R_1N9TRjqcb9Fk4CR,ClusteringCoeff,0,1,0,0,1,0,0,1,Graph
R_1N9TRjqcb9Fk4CR,ComponentSize,0,1,1,0,0,1,0,0,Cluster
R_1N9TRjqcb9Fk4CR,Density,0,1,1,0,0,1,0,0,Graph
R_1N9TRjqcb9Fk4CR,Diameter,0,1,1,0,0,1,0,0,Graph
R_1N9TRjqcb9Fk4CR,EigenvectorCentrality,0,1,1,0,0,1,0,0,Element
R_1N9TRjqcb9Fk4CR,LinkBC,0,1,0,0,1,0,0,1,Element
R_1N9TRjqcb9Fk4CR,Loops,0,1,-99,0,-99,-99,-99,-99,Element
R_1N9TRjqcb9Fk4CR,Modularity,0,1,0,0,1,0,0,1,Cluster
R_1N9TRjqcb9Fk4CR,NodeBC,0,1,1,0,0,1,0,0,Element
R_1N9TRjqcb9Fk4CR,NodeDegree,0,1,1,0,0,1,0,0,Element
R_1N9TRjqcb9Fk4CR,NumComponents,0,1,1,0,0,1,0,0,Cluster
R_1N9TRjqcb9Fk4CR,NumLinks,0,0,1,1,0,0,0,1,Graph
R_1N9TRjqcb9Fk4CR,NumNodes,0,0,1,1,0,0,0,1,Graph
R_1NfniThCwqwmu3j,AvgDegree,0,1,0,0,1,0,0,1,Graph
R_1NfniThCwqwmu3j,AvgPathLength,0,0,0,1,1,0,1,0,Graph
R_1NfniThCwqwmu3j,AvgShortestPath,0,0,0,1,1,0,1,0,Graph
R_1NfniThCwqwmu3j,ClosenessCentrality,0,1,0,0,1,0,0,1,Element
R_1NfniThCwqwmu3j,ClusteringCoeff,0,0,0,1,1,0,1,0,Graph
R_1NfniThCwqwmu3j,ComponentSize,0,0,0,1,1,0,1,0,Cluster
R_1NfniThCwqwmu3j,Density,0,1,0,0,1,0,0,1,Graph
R_1NfniThCwqwmu3j,Diameter,0,0,0,1,1,0,1,0,Graph
R_1NfniThCwqwmu3j,EigenvectorCentrality,0,0,0,1,1,0,1,0,Element
R_1NfniThCwqwmu3j,LinkBC,0,0,0,1,1,0,1,0,Element
R_1NfniThCwqwmu3j,Loops,0,0,-99,1,-99,-99,-99,-99,Element
R_1NfniThCwqwmu3j,Modularity,0,0,0,1,1,0,1,0,Cluster
R_1NfniThCwqwmu3j,NodeBC,0,1,0,0,1,0,0,1,Element
R_1NfniThCwqwmu3j,NodeDegree,0,1,0,0,1,0,0,1,Element
R_1NfniThCwqwmu3j,NumComponents,0,0,1,1,0,0,0,1,Cluster
R_1NfniThCwqwmu3j,NumLinks,0,1,0,0,1,0,0,1,Graph
R_1NfniThCwqwmu3j,NumNodes,0,1,0,0,1,0,0,1,Graph
R_21sntNYLoAMBq76,AvgDegree,0,1,1,0,0,1,0,0,Graph
R_21sntNYLoAMBq76,AvgPathLength,0,0,0,1,1,0,1,0,Graph
R_21sntNYLoAMBq76,AvgShortestPath,0,0,0,1,1,0,1,0,Graph
R_21sntNYLoAMBq76,ClosenessCentrality,0,1,1,0,0,1,0,0,Element
R_21sntNYLoAMBq76,ClusteringCoeff,0,0,0,1,1,0,1,0,Graph
R_21sntNYLoAMBq76,ComponentSize,0,1,1,0,0,1,0,0,Cluster
R_21sntNYLoAMBq76,Density,0,1,0,0,1,0,0,1,Graph
R_21sntNYLoAMBq76,Diameter,0,0,0,1,1,0,1,0,Graph
R_21sntNYLoAMBq76,EigenvectorCentrality,0,0,1,1,0,0,0,1,Element
R_21sntNYLoAMBq76,LinkBC,0,1,1,0,0,1,0,0,Element
R_21sntNYLoAMBq76,Loops,0,0,-99,1,-99,-99,-99,-99,Element
R_21sntNYLoAMBq76,Modularity,0,0,0,1,1,0,1,0,Cluster
R_21sntNYLoAMBq76,NodeBC,0,1,1,0,0,1,0,0,Element
R_21sntNYLoAMBq76,NodeDegree,0,1,1,0,0,1,0,0,Element
R_21sntNYLoAMBq76,NumComponents,0,1,1,0,0,1,0,0,Cluster
R_21sntNYLoAMBq76,NumLinks,0,1,1,0,0,1,0,0,Graph
R_21sntNYLoAMBq76,NumNodes,0,1,1,0,0,1,0,0,Graph
R_22t2NN3jthnAV2I,AvgDegree,0,1,0,0,1,0,0,1,Graph
R_22t2NN3jthnAV2I,AvgPathLength,0,1,0,0,1,0,0,1,Graph
R_22t2NN3jthnAV2I,AvgShortestPath,0,1,0,0,1,0,0,1,Graph
R_22t2NN3jthnAV2I,ClosenessCentrality,0,1,0,0,1,0,0,1,Element
R_22t2NN3jthnAV2I,ClusteringCoeff,0,1,0,0,1,0,0,1,Graph
R_22t2NN3jthnAV2I,ComponentSize,0,1,1,0,0,1,0,0,Cluster
R_22t2NN3jthnAV2I,Density,0,1,0,0,1,0,0,1,Graph
R_22t2NN3jthnAV2I,Diameter,0,1,1,0,0,1,0,0,Graph
R_22t2NN3jthnAV2I,EigenvectorCentrality,0,1,0,0,1,0,0,1,Element
R_22t2NN3jthnAV2I,LinkBC,0,1,-99,0,-99,-99,-99,-99,Element
R_22t2NN3jthnAV2I,Loops,0,1,-99,0,-99,-99,-99,-99,Element
R_22t2NN3jthnAV2I,Modularity,0,1,1,0,0,1,0,0,Cluster
R_22t2NN3jthnAV2I,NodeBC,0,1,1,0,0,1,0,0,Element
R_22t2NN3jthnAV2I,NodeDegree,0,1,1,0,0,1,0,0,Element
R_22t2NN3jthnAV2I,NumComponents,0,1,1,0,0,1,0,0,Cluster
R_22t2NN3jthnAV2I,NumLinks,0,1,0,0,1,0,0,1,Graph
R_22t2NN3jthnAV2I,NumNodes,0,1,1,0,0,1,0,0,Graph
R_23dCEhp2kG80ljS,AvgDegree,0,0,0,1,1,0,1,0,Graph
R_23dCEhp2kG80ljS,AvgPathLength,0,0,0,1,1,0,1,0,Graph
R_23dCEhp2kG80ljS,AvgShortestPath,0,0,0,1,1,0,1,0,Graph
R_23dCEhp2kG80ljS,ClosenessCentrality,0,0,0,1,1,0,1,0,Element
R_23dCEhp2kG80ljS,ClusteringCoeff,0,0,0,1,1,0,1,0,Graph
R_23dCEhp2kG80ljS,ComponentSize,0,0,1,1,0,0,0,1,Cluster
R_23dCEhp2kG80ljS,Density,0,0,0,1,1,0,1,0,Graph
R_23dCEhp2kG80ljS,Diameter,0,0,0,1,1,0,1,0,Graph
R_23dCEhp2kG80ljS,EigenvectorCentrality,0,0,0,1,1,0,1,0,Element
R_23dCEhp2kG80ljS,LinkBC,0,0,0,1,1,0,1,0,Element
R_23dCEhp2kG80ljS,Loops,0,0,-99,1,-99,-99,-99,-99,Element
R_23dCEhp2kG80ljS,Modularity,0,0,0,1,1,0,1,0,Cluster
R_23dCEhp2kG80ljS,NodeBC,0,0,0,1,1,0,1,0,Element
R_23dCEhp2kG80ljS,NodeDegree,0,0,0,1,1,0,1,0,Element
R_23dCEhp2kG80ljS,NumComponents,0,0,1,1,0,0,0,1,Cluster
R_23dCEhp2kG80ljS,NumLinks,0,0,0,1,1,0,1,0,Graph
R_23dCEhp2kG80ljS,NumNodes,0,0,0,1,1,0,1,0,Graph
R_25XA5detHisiIfY,AvgDegree,0,1,1,0,0,1,0,0,Graph
R_25XA5detHisiIfY,AvgPathLength,0,1,0,0,1,0,0,1,Graph
R_25XA5detHisiIfY,AvgShortestPath,0,1,0,0,1,0,0,1,Graph
R_25XA5detHisiIfY,ClosenessCentrality,0,1,0,0,1,0,0,1,Element
R_25XA5detHisiIfY,ClusteringCoeff,0,1,0,0,1,0,0,1,Graph
R_25XA5detHisiIfY,ComponentSize,0,1,0,0,1,0,0,1,Cluster
R_25XA5detHisiIfY,Density,0,1,0,0,1,0,0,1,Graph
R_25XA5detHisiIfY,Diameter,0,1,0,0,1,0,0,1,Graph
R_25XA5detHisiIfY,EigenvectorCentrality,0,1,0,0,1,0,0,1,Element
R_25XA5detHisiIfY,LinkBC,1,-99,-99,-99,-99,-99,-99,-99,Element
R_25XA5detHisiIfY,Loops,1,-99,-99,-99,-99,-99,-99,-99,Element
R_25XA5detHisiIfY,Modularity,0,1,0,0,1,0,0,1,Cluster
R_25XA5detHisiIfY,NodeBC,0,1,0,0,1,0,0,1,Element
R_25XA5detHisiIfY,NodeDegree,0,1,0,0,1,0,0,1,Element
R_25XA5detHisiIfY,NumComponents,0,1,1,0,0,1,0,0,Cluster
R_25XA5detHisiIfY,NumLinks,0,1,1,0,0,1,0,0,Graph
R_25XA5detHisiIfY,NumNodes,0,1,1,0,0,1,0,0,Graph
R_2aCDooHFsrtdqzP,AvgDegree,0,-99,-99,-99,-99,-99,-99,-99,Graph
R_2aCDooHFsrtdqzP,AvgPathLength,0,-99,-99,-99,-99,-99,-99,-99,Graph
R_2aCDooHFsrtdqzP,AvgShortestPath,0,-99,-99,-99,-99,-99,-99,-99,Graph
R_2aCDooHFsrtdqzP,ClosenessCentrality,0,-99,-99,-99,-99,-99,-99,-99,Element
R_2aCDooHFsrtdqzP,ClusteringCoeff,0,-99,-99,-99,-99,-99,-99,-99,Graph
R_2aCDooHFsrtdqzP,ComponentSize,0,-99,-99,-99,-99,-99,-99,-99,Cluster
R_2aCDooHFsrtdqzP,Density,0,-99,-99,-99,-99,-99,-99,-99,Graph
R_2aCDooHFsrtdqzP,Diameter,0,-99,-99,-99,-99,-99,-99,-99,Graph
R_2aCDooHFsrtdqzP,EigenvectorCentrality,0,-99,-99,-99,-99,-99,-99,-99,Element
R_2aCDooHFsrtdqzP,LinkBC,0,-99,-99,-99,-99,-99,-99,-99,Element
R_2aCDooHFsrtdqzP,Loops,0,-99,-99,-99,-99,-99,-99,-99,Element
R_2aCDooHFsrtdqzP,Modularity,0,-99,-99,-99,-99,-99,-99,-99,Cluster
R_2aCDooHFsrtdqzP,NodeBC,0,-99,-99,-99,-99,-99,-99,-99,Element
R_2aCDooHFsrtdqzP,NodeDegree,0,-99,-99,-99,-99,-99,-99,-99,Element
R_2aCDooHFsrtdqzP,NumComponents,0,-99,-99,-99,-99,-99,-99,-99,Cluster
R_2aCDooHFsrtdqzP,NumLinks,0,-99,-99,-99,-99,-99,-99,-99,Graph
R_2aCDooHFsrtdqzP,NumNodes,0,-99,-99,-99,-99,-99,-99,-99,Graph
R_2CCmik3QGSpzfsE,AvgDegree,0,1,0,0,1,0,0,1,Graph
R_2CCmik3QGSpzfsE,AvgPathLength,0,1,0,0,1,0,0,1,Graph
R_2CCmik3QGSpzfsE,AvgShortestPath,0,1,0,0,1,0,0,1,Graph
R_2CCmik3QGSpzfsE,ClosenessCentrality,0,1,0,0,1,0,0,1,Element
R_2CCmik3QGSpzfsE,ClusteringCoeff,0,1,0,0,1,0,0,1,Graph
R_2CCmik3QGSpzfsE,ComponentSize,0,0,0,1,1,0,1,0,Cluster
R_2CCmik3QGSpzfsE,Density,0,1,0,0,1,0,0,1,Graph
R_2CCmik3QGSpzfsE,Diameter,0,1,0,0,1,0,0,1,Graph
R_2CCmik3QGSpzfsE,EigenvectorCentrality,0,1,0,0,1,0,0,1,Element
R_2CCmik3QGSpzfsE,LinkBC,0,0,0,1,1,0,1,0,Element
R_2CCmik3QGSpzfsE,Loops,0,0,-99,1,-99,-99,-99,-99,Element
R_2CCmik3QGSpzfsE,Modularity,0,0,0,1,1,0,1,0,Cluster
R_2CCmik3QGSpzfsE,NodeBC,0,1,0,0,1,0,0,1,Element
R_2CCmik3QGSpzfsE,NodeDegree,0,1,1,0,0,1,0,0,Element
R_2CCmik3QGSpzfsE,NumComponents,0,0,0,1,1,0,1,0,Cluster
R_2CCmik3QGSpzfsE,NumLinks,0,0,0,1,1,0,1,0,Graph
R_2CCmik3QGSpzfsE,NumNodes,0,0,1,1,0,0,0,1,Graph
R_2EhN26O9XgnVcYL,AvgDegree,0,1,0,0,1,0,0,1,Graph
R_2EhN26O9XgnVcYL,AvgPathLength,0,1,0,0,1,0,0,1,Graph
R_2EhN26O9XgnVcYL,AvgShortestPath,0,0,0,1,1,0,1,0,Graph
R_2EhN26O9XgnVcYL,ClosenessCentrality,0,0,0,1,1,0,1,0,Element
R_2EhN26O9XgnVcYL,ClusteringCoeff,0,0,0,1,1,0,1,0,Graph
R_2EhN26O9XgnVcYL,ComponentSize,0,0,0,1,1,0,1,0,Cluster
R_2EhN26O9XgnVcYL,Density,0,0,0,1,1,0,1,0,Graph
R_2EhN26O9XgnVcYL,Diameter,0,0,0,1,1,0,1,0,Graph
R_2EhN26O9XgnVcYL,EigenvectorCentrality,0,0,0,1,1,0,1,0,Element
R_2EhN26O9XgnVcYL,LinkBC,0,0,0,1,1,0,1,0,Element
R_2EhN26O9XgnVcYL,Loops,0,0,-99,1,-99,-99,-99,-99,Element
R_2EhN26O9XgnVcYL,Modularity,0,0,0,1,1,0,1,0,Cluster
R_2EhN26O9XgnVcYL,NodeBC,0,1,0,0,1,0,0,1,Element
R_2EhN26O9XgnVcYL,NodeDegree,0,1,0,0,1,0,0,1,Element
R_2EhN26O9XgnVcYL,NumComponents,0,0,0,1,1,0,1,0,Cluster
R_2EhN26O9XgnVcYL,NumLinks,0,1,0,0,1,0,0,1,Graph
R_2EhN26O9XgnVcYL,NumNodes,0,1,0,0,1,0,0,1,Graph
R_2EuAlXpjf3VzEFz,AvgDegree,0,1,1,0,0,1,0,0,Graph
R_2EuAlXpjf3VzEFz,AvgPathLength,0,0,1,1,0,0,0,1,Graph
R_2EuAlXpjf3VzEFz,AvgShortestPath,0,0,1,1,0,0,0,1,Graph
R_2EuAlXpjf3VzEFz,ClosenessCentrality,0,1,0,0,1,0,0,1,Element
R_2EuAlXpjf3VzEFz,ClusteringCoeff,0,1,1,0,0,1,0,0,Graph
R_2EuAlXpjf3VzEFz,ComponentSize,0,0,1,1,0,0,0,1,Cluster
R_2EuAlXpjf3VzEFz,Density,0,0,1,1,0,0,0,1,Graph
R_2EuAlXpjf3VzEFz,Diameter,0,0,1,1,0,0,0,1,Graph
R_2EuAlXpjf3VzEFz,EigenvectorCentrality,0,1,0,0,1,0,0,1,Element
R_2EuAlXpjf3VzEFz,LinkBC,0,0,0,1,1,0,1,0,Element
R_2EuAlXpjf3VzEFz,Loops,0,0,-99,1,-99,-99,-99,-99,Element
R_2EuAlXpjf3VzEFz,Modularity,0,0,1,1,0,0,0,1,Cluster
R_2EuAlXpjf3VzEFz,NodeBC,0,1,0,0,1,0,0,1,Element
R_2EuAlXpjf3VzEFz,NodeDegree,0,1,1,0,0,1,0,0,Element
R_2EuAlXpjf3VzEFz,NumComponents,0,0,1,1,0,0,0,1,Cluster
R_2EuAlXpjf3VzEFz,NumLinks,0,0,1,1,0,0,0,1,Graph
R_2EuAlXpjf3VzEFz,NumNodes,0,0,1,1,0,0,0,1,Graph
R_2qy2KH0pXMCH7I5,AvgDegree,0,1,0,0,1,0,0,1,Graph
R_2qy2KH0pXMCH7I5,AvgPathLength,0,0,0,1,1,0,1,0,Graph
R_2qy2KH0pXMCH7I5,AvgShortestPath,0,0,0,1,1,0,1,0,Graph
R_2qy2KH0pXMCH7I5,ClosenessCentrality,0,1,0,0,1,0,0,1,Element
R_2qy2KH0pXMCH7I5,ClusteringCoeff,0,0,0,1,1,0,1,0,Graph
R_2qy2KH0pXMCH7I5,ComponentSize,0,1,1,0,0,1,0,0,Cluster
R_2qy2KH0pXMCH7I5,Density,0,1,0,0,1,0,0,1,Graph
R_2qy2KH0pXMCH7I5,Diameter,0,0,0,1,1,0,1,0,Graph
R_2qy2KH0pXMCH7I5,EigenvectorCentrality,0,1,0,0,1,0,0,1,Element
R_2qy2KH0pXMCH7I5,LinkBC,0,0,0,1,1,0,1,0,Element
R_2qy2KH0pXMCH7I5,Loops,0,1,-99,0,-99,-99,-99,-99,Element
R_2qy2KH0pXMCH7I5,Modularity,0,1,1,0,0,1,0,0,Cluster
R_2qy2KH0pXMCH7I5,NodeBC,0,1,1,0,0,1,0,0,Element
R_2qy2KH0pXMCH7I5,NodeDegree,0,1,1,0,0,1,0,0,Element
R_2qy2KH0pXMCH7I5,NumComponents,0,1,1,0,0,1,0,0,Cluster
R_2qy2KH0pXMCH7I5,NumLinks,0,1,0,0,1,0,0,1,Graph
R_2qy2KH0pXMCH7I5,NumNodes,0,1,1,0,0,1,0,0,Graph
R_2VxUmhOnuQmOfRq,AvgDegree,0,0,-99,1,-99,-99,-99,-99,Graph
R_2VxUmhOnuQmOfRq,AvgPathLength,0,0,-99,1,-99,-99,-99,-99,Graph
R_2VxUmhOnuQmOfRq,AvgShortestPath,1,-99,-99,-99,-99,-99,-99,-99,Graph
R_2VxUmhOnuQmOfRq,ClosenessCentrality,1,-99,-99,-99,-99,-99,-99,-99,Element
R_2VxUmhOnuQmOfRq,ClusteringCoeff,1,-99,-99,-99,-99,-99,-99,-99,Graph
R_2VxUmhOnuQmOfRq,ComponentSize,0,1,-99,0,-99,-99,-99,-99,Cluster
R_2VxUmhOnuQmOfRq,Density,1,-99,-99,-99,-99,-99,-99,-99,Graph
R_2VxUmhOnuQmOfRq,Diameter,1,-99,-99,-99,-99,-99,-99,-99,Graph
R_2VxUmhOnuQmOfRq,EigenvectorCentrality,1,-99,-99,-99,-99,-99,-99,-99,Element
R_2VxUmhOnuQmOfRq,LinkBC,1,-99,-99,-99,-99,-99,-99,-99,Element
R_2VxUmhOnuQmOfRq,Loops,0,1,-99,0,-99,-99,-99,-99,Element
R_2VxUmhOnuQmOfRq,Modularity,1,-99,-99,-99,-99,-99,-99,-99,Cluster
R_2VxUmhOnuQmOfRq,NodeBC,1,-99,-99,-99,-99,-99,-99,-99,Element
R_2VxUmhOnuQmOfRq,NodeDegree,0,1,-99,0,-99,-99,-99,-99,Element
R_2VxUmhOnuQmOfRq,NumComponents,0,1,-99,0,-99,-99,-99,-99,Cluster
R_2VxUmhOnuQmOfRq,NumLinks,0,1,-99,0,-99,-99,-99,-99,Graph
R_2VxUmhOnuQmOfRq,NumNodes,0,1,-99,0,-99,-99,-99,-99,Graph
R_2WUU4RfkZk2V6Zb,AvgDegree,0,1,1,0,0,1,0,0,Graph
R_2WUU4RfkZk2V6Zb,AvgPathLength,0,1,0,0,1,0,0,1,Graph
R_2WUU4RfkZk2V6Zb,AvgShortestPath,0,1,0,0,1,0,0,1,Graph
R_2WUU4RfkZk2V6Zb,ClosenessCentrality,0,1,0,0,1,0,0,1,Element
R_2WUU4RfkZk2V6Zb,ClusteringCoeff,0,1,1,0,0,1,0,0,Graph
R_2WUU4RfkZk2V6Zb,ComponentSize,0,1,1,0,0,1,0,0,Cluster
R_2WUU4RfkZk2V6Zb,Density,0,1,1,0,0,1,0,0,Graph
R_2WUU4RfkZk2V6Zb,Diameter,0,1,1,0,0,1,0,0,Graph
R_2WUU4RfkZk2V6Zb,EigenvectorCentrality,0,1,0,0,1,0,0,1,Element
R_2WUU4RfkZk2V6Zb,LinkBC,0,1,0,0,1,0,0,1,Element
R_2WUU4RfkZk2V6Zb,Loops,0,1,-99,0,-99,-99,-99,-99,Element
R_2WUU4RfkZk2V6Zb,Modularity,0,1,1,0,0,1,0,0,Cluster
R_2WUU4RfkZk2V6Zb,NodeBC,0,1,0,0,1,0,0,1,Element
R_2WUU4RfkZk2V6Zb,NodeDegree,0,1,1,0,0,1,0,0,Element
R_2WUU4RfkZk2V6Zb,NumComponents,0,1,1,0,0,1,0,0,Cluster
R_2WUU4RfkZk2V6Zb,NumLinks,0,1,1,0,0,1,0,0,Graph
R_2WUU4RfkZk2V6Zb,NumNodes,0,1,1,0,0,1,0,0,Graph
R_2WZ7SqoXMZLamJp,AvgDegree,0,0,0,1,1,0,1,0,Graph
R_2WZ7SqoXMZLamJp,AvgPathLength,0,0,1,1,0,0,0,1,Graph
R_2WZ7SqoXMZLamJp,AvgShortestPath,0,0,1,1,0,0,0,1,Graph
R_2WZ7SqoXMZLamJp,ClosenessCentrality,0,0,0,1,1,0,1,0,Element
R_2WZ7SqoXMZLamJp,ClusteringCoeff,0,0,1,1,0,0,0,1,Graph
R_2WZ7SqoXMZLamJp,ComponentSize,0,1,1,0,0,1,0,0,Cluster
R_2WZ7SqoXMZLamJp,Density,0,0,1,1,0,0,0,1,Graph
R_2WZ7SqoXMZLamJp,Diameter,0,0,0,1,1,0,1,0,Graph
R_2WZ7SqoXMZLamJp,EigenvectorCentrality,0,0,0,1,1,0,1,0,Element
R_2WZ7SqoXMZLamJp,LinkBC,0,0,0,1,1,0,1,0,Element
R_2WZ7SqoXMZLamJp,Loops,0,0,-99,1,-99,-99,-99,-99,Element
R_2WZ7SqoXMZLamJp,Modularity,0,0,0,1,1,0,1,0,Cluster
R_2WZ7SqoXMZLamJp,NodeBC,0,0,0,1,1,0,1,0,Element
R_2WZ7SqoXMZLamJp,NodeDegree,0,0,1,1,0,0,0,1,Element
R_2WZ7SqoXMZLamJp,NumComponents,0,1,1,0,0,1,0,0,Cluster
R_2WZ7SqoXMZLamJp,NumLinks,0,0,1,1,0,0,0,1,Graph
R_2WZ7SqoXMZLamJp,NumNodes,0,0,1,1,0,0,0,1,Graph
R_2X5M8JOyIhtDHRn,AvgDegree,0,-99,-99,-99,-99,-99,-99,-99,Graph
R_2X5M8JOyIhtDHRn,AvgPathLength,0,-99,-99,-99,-99,-99,-99,-99,Graph
R_2X5M8JOyIhtDHRn,AvgShortestPath,0,-99,-99,-99,-99,-99,-99,-99,Graph
R_2X5M8JOyIhtDHRn,ClosenessCentrality,0,-99,-99,-99,-99,-99,-99,-99,Element
R_2X5M8JOyIhtDHRn,ClusteringCoeff,0,-99,-99,-99,-99,-99,-99,-99,Graph
R_2X5M8JOyIhtDHRn,ComponentSize,0,-99,-99,-99,-99,-99,-99,-99,Cluster
R_2X5M8JOyIhtDHRn,Density,0,-99,-99,-99,-99,-99,-99,-99,Graph
R_2X5M8JOyIhtDHRn,Diameter,0,-99,-99,-99,-99,-99,-99,-99,Graph
R_2X5M8JOyIhtDHRn,EigenvectorCentrality,0,-99,-99,-99,-99,-99,-99,-99,Element
R_2X5M8JOyIhtDHRn,LinkBC,0,-99,-99,-99,-99,-99,-99,-99,Element
R_2X5M8JOyIhtDHRn,Loops,0,-99,-99,-99,-99,-99,-99,-99,Element
R_2X5M8JOyIhtDHRn,Modularity,0,-99,-99,-99,-99,-99,-99,-99,Cluster
R_2X5M8JOyIhtDHRn,NodeBC,0,-99,-99,-99,-99,-99,-99,-99,Element
R_2X5M8JOyIhtDHRn,NodeDegree,0,-99,-99,-99,-99,-99,-99,-99,Element
R_2X5M8JOyIhtDHRn,NumComponents,0,-99,-99,-99,-99,-99,-99,-99,Cluster
R_2X5M8JOyIhtDHRn,NumLinks,0,-99,-99,-99,-99,-99,-99,-99,Graph
R_2X5M8JOyIhtDHRn,NumNodes,0,-99,-99,-99,-99,-99,-99,-99,Graph
R_2yeHlGTO7cNnHf2,AvgDegree,0,1,-99,0,-99,-99,-99,-99,Graph
R_2yeHlGTO7cNnHf2,AvgPathLength,0,1,-99,0,-99,-99,-99,-99,Graph
R_2yeHlGTO7cNnHf2,AvgShortestPath,0,1,-99,0,-99,-99,-99,-99,Graph
R_2yeHlGTO7cNnHf2,ClosenessCentrality,0,1,-99,0,-99,-99,-99,-99,Element
R_2yeHlGTO7cNnHf2,ClusteringCoeff,0,1,-99,0,-99,-99,-99,-99,Graph
R_2yeHlGTO7cNnHf2,ComponentSize,0,0,-99,1,-99,-99,-99,-99,Cluster
R_2yeHlGTO7cNnHf2,Density,0,1,-99,0,-99,-99,-99,-99,Graph
R_2yeHlGTO7cNnHf2,Diameter,0,1,-99,0,-99,-99,-99,-99,Graph
R_2yeHlGTO7cNnHf2,EigenvectorCentrality,0,1,-99,0,-99,-99,-99,-99,Element
R_2yeHlGTO7cNnHf2,LinkBC,0,1,-99,0,-99,-99,-99,-99,Element
R_2yeHlGTO7cNnHf2,Loops,0,1,-99,0,-99,-99,-99,-99,Element
R_2yeHlGTO7cNnHf2,Modularity,0,1,-99,0,-99,-99,-99,-99,Cluster
R_2yeHlGTO7cNnHf2,NodeBC,0,1,1,0,0,1,0,0,Element
R_2yeHlGTO7cNnHf2,NodeDegree,0,1,1,0,0,1,0,0,Element
R_2yeHlGTO7cNnHf2,NumComponents,0,0,-99,1,-99,-99,-99,-99,Cluster
R_2yeHlGTO7cNnHf2,NumLinks,0,1,1,0,0,1,0,0,Graph
R_2yeHlGTO7cNnHf2,NumNodes,0,1,1,0,0,1,0,0,Graph
R_2ymhTjuplWNXxOR,AvgDegree,0,1,1,0,0,1,0,0,Graph
R_2ymhTjuplWNXxOR,AvgPathLength,0,1,0,0,1,0,0,1,Graph
R_2ymhTjuplWNXxOR,AvgShortestPath,0,1,0,0,1,0,0,1,Graph
R_2ymhTjuplWNXxOR,ClosenessCentrality,0,1,0,0,1,0,0,1,Element
R_2ymhTjuplWNXxOR,ClusteringCoeff,0,1,1,0,0,1,0,0,Graph
R_2ymhTjuplWNXxOR,ComponentSize,0,1,0,0,1,0,0,1,Cluster
R_2ymhTjuplWNXxOR,Density,0,1,1,0,0,1,0,0,Graph
R_2ymhTjuplWNXxOR,Diameter,0,1,0,0,1,0,0,1,Graph
R_2ymhTjuplWNXxOR,EigenvectorCentrality,0,1,0,0,1,0,0,1,Element
R_2ymhTjuplWNXxOR,LinkBC,0,1,0,0,1,0,0,1,Element
R_2ymhTjuplWNXxOR,Loops,0,1,-99,0,-99,-99,-99,-99,Element
R_2ymhTjuplWNXxOR,Modularity,0,1,1,0,0,1,0,0,Cluster
R_2ymhTjuplWNXxOR,NodeBC,0,1,1,0,0,1,0,0,Element
R_2ymhTjuplWNXxOR,NodeDegree,0,1,1,0,0,1,0,0,Element
R_2ymhTjuplWNXxOR,NumComponents,0,1,1,0,0,1,0,0,Cluster
R_2ymhTjuplWNXxOR,NumLinks,0,1,1,0,0,1,0,0,Graph
R_2ymhTjuplWNXxOR,NumNodes,0,1,1,0,0,1,0,0,Graph
R_32LnDdHqvZUpQBg,AvgDegree,0,1,1,0,0,1,0,0,Graph
R_32LnDdHqvZUpQBg,AvgPathLength,0,1,0,0,1,0,0,1,Graph
R_32LnDdHqvZUpQBg,AvgShortestPath,0,1,0,0,1,0,0,1,Graph
R_32LnDdHqvZUpQBg,ClosenessCentrality,0,0,0,1,1,0,1,0,Element
R_32LnDdHqvZUpQBg,ClusteringCoeff,0,1,1,0,0,1,0,0,Graph
R_32LnDdHqvZUpQBg,ComponentSize,0,1,1,0,0,1,0,0,Cluster
R_32LnDdHqvZUpQBg,Density,0,1,1,0,0,1,0,0,Graph
R_32LnDdHqvZUpQBg,Diameter,0,1,1,0,0,1,0,0,Graph
R_32LnDdHqvZUpQBg,EigenvectorCentrality,0,0,0,1,1,0,1,0,Element
R_32LnDdHqvZUpQBg,LinkBC,0,1,0,0,1,0,0,1,Element
R_32LnDdHqvZUpQBg,Loops,0,0,-99,1,-99,-99,-99,-99,Element
R_32LnDdHqvZUpQBg,Modularity,0,1,1,0,0,1,0,0,Cluster
R_32LnDdHqvZUpQBg,NodeBC,0,1,0,0,1,0,0,1,Element
R_32LnDdHqvZUpQBg,NodeDegree,0,1,0,0,1,0,0,1,Element
R_32LnDdHqvZUpQBg,NumComponents,0,0,1,1,0,0,0,1,Cluster
R_32LnDdHqvZUpQBg,NumLinks,0,1,1,0,0,1,0,0,Graph
R_32LnDdHqvZUpQBg,NumNodes,0,1,1,0,0,1,0,0,Graph
R_33d8O4SLMwlX5Cb,AvgDegree,0,1,1,0,0,1,0,0,Graph
R_33d8O4SLMwlX5Cb,AvgPathLength,0,0,1,1,0,0,0,1,Graph
R_33d8O4SLMwlX5Cb,AvgShortestPath,0,0,0,1,1,0,1,0,Graph
R_33d8O4SLMwlX5Cb,ClosenessCentrality,0,0,0,1,1,0,1,0,Element
R_33d8O4SLMwlX5Cb,ClusteringCoeff,0,0,0,1,1,0,1,0,Graph
R_33d8O4SLMwlX5Cb,ComponentSize,0,0,1,1,0,0,0,1,Cluster
R_33d8O4SLMwlX5Cb,Density,0,0,0,1,1,0,1,0,Graph
R_33d8O4SLMwlX5Cb,Diameter,0,0,0,1,1,0,1,0,Graph
R_33d8O4SLMwlX5Cb,EigenvectorCentrality,0,0,0,1,1,0,1,0,Element
R_33d8O4SLMwlX5Cb,LinkBC,0,0,0,1,1,0,1,0,Element
R_33d8O4SLMwlX5Cb,Loops,0,0,-99,1,-99,-99,-99,-99,Element
R_33d8O4SLMwlX5Cb,Modularity,1,0,-99,1,-99,-99,-99,-99,Cluster
R_33d8O4SLMwlX5Cb,NodeBC,0,0,0,1,1,0,1,0,Element
R_33d8O4SLMwlX5Cb,NodeDegree,0,1,0,0,1,0,0,1,Element
R_33d8O4SLMwlX5Cb,NumComponents,0,0,1,1,0,0,0,1,Cluster
R_33d8O4SLMwlX5Cb,NumLinks,0,1,1,0,0,1,0,0,Graph
R_33d8O4SLMwlX5Cb,NumNodes,0,0,1,1,0,0,0,1,Graph
R_39Fxu5J7UF8SETP,AvgDegree,0,0,0,1,1,0,1,0,Graph
R_39Fxu5J7UF8SETP,AvgPathLength,0,0,1,1,0,0,0,1,Graph
R_39Fxu5J7UF8SETP,AvgShortestPath,0,0,1,1,0,0,0,1,Graph
R_39Fxu5J7UF8SETP,ClosenessCentrality,0,1,0,0,1,0,0,1,Element
R_39Fxu5J7UF8SETP,ClusteringCoeff,0,0,0,1,1,0,1,0,Graph
R_39Fxu5J7UF8SETP,ComponentSize,0,0,1,1,0,0,0,1,Cluster
R_39Fxu5J7UF8SETP,Density,0,1,0,0,1,0,0,1,Graph
R_39Fxu5J7UF8SETP,Diameter,0,0,1,1,0,0,0,1,Graph
R_39Fxu5J7UF8SETP,EigenvectorCentrality,0,1,0,0,1,0,0,1,Element
R_39Fxu5J7UF8SETP,LinkBC,0,1,0,0,1,0,0,1,Element
R_39Fxu5J7UF8SETP,Loops,0,1,-99,0,-99,-99,-99,-99,Element
R_39Fxu5J7UF8SETP,Modularity,0,0,0,1,1,0,1,0,Cluster
R_39Fxu5J7UF8SETP,NodeBC,0,1,0,0,1,0,0,1,Element
R_39Fxu5J7UF8SETP,NodeDegree,0,1,0,0,1,0,0,1,Element
R_39Fxu5J7UF8SETP,NumComponents,0,0,1,1,0,0,0,1,Cluster
R_39Fxu5J7UF8SETP,NumLinks,0,0,0,1,1,0,1,0,Graph
R_39Fxu5J7UF8SETP,NumNodes,0,0,0,1,1,0,1,0,Graph
R_3E9E5fbDh9bNsoO,AvgDegree,0,1,1,0,0,1,0,0,Graph
R_3E9E5fbDh9bNsoO,AvgPathLength,0,1,0,0,1,0,0,1,Graph
R_3E9E5fbDh9bNsoO,AvgShortestPath,0,1,0,0,1,0,0,1,Graph
R_3E9E5fbDh9bNsoO,ClosenessCentrality,0,1,0,0,1,0,0,1,Element
R_3E9E5fbDh9bNsoO,ClusteringCoeff,0,1,0,0,1,0,0,1,Graph
R_3E9E5fbDh9bNsoO,ComponentSize,0,1,1,0,0,1,0,0,Cluster
R_3E9E5fbDh9bNsoO,Density,0,1,1,0,0,1,0,0,Graph
R_3E9E5fbDh9bNsoO,Diameter,0,1,0,0,1,0,0,1,Graph
R_3E9E5fbDh9bNsoO,EigenvectorCentrality,0,1,0,0,1,0,0,1,Element
R_3E9E5fbDh9bNsoO,LinkBC,0,1,1,0,0,1,0,0,Element
R_3E9E5fbDh9bNsoO,Loops,1,-99,-99,-99,-99,-99,-99,-99,Element
R_3E9E5fbDh9bNsoO,Modularity,0,1,1,0,0,1,0,0,Cluster
R_3E9E5fbDh9bNsoO,NodeBC,0,1,1,0,0,1,0,0,Element
R_3E9E5fbDh9bNsoO,NodeDegree,0,1,1,0,0,1,0,0,Element
R_3E9E5fbDh9bNsoO,NumComponents,0,1,1,0,0,1,0,0,Cluster
R_3E9E5fbDh9bNsoO,NumLinks,0,1,0,0,1,0,0,1,Graph
R_3E9E5fbDh9bNsoO,NumNodes,0,1,0,0,1,0,0,1,Graph
R_3hDD72YLz6hbPaS,AvgDegree,0,1,1,0,0,1,0,0,Graph
R_3hDD72YLz6hbPaS,AvgPathLength,0,0,0,1,1,0,1,0,Graph
R_3hDD72YLz6hbPaS,AvgShortestPath,0,-99,0,-99,1,-99,-99,-99,Graph
R_3hDD72YLz6hbPaS,ClosenessCentrality,0,1,0,0,1,0,0,1,Element
R_3hDD72YLz6hbPaS,ClusteringCoeff,0,0,0,1,1,0,1,0,Graph
R_3hDD72YLz6hbPaS,ComponentSize,0,1,1,0,0,1,0,0,Cluster
R_3hDD72YLz6hbPaS,Density,0,1,0,0,1,0,0,1,Graph
R_3hDD72YLz6hbPaS,Diameter,0,0,1,1,0,0,0,1,Graph
R_3hDD72YLz6hbPaS,EigenvectorCentrality,0,1,0,0,1,0,0,1,Element
R_3hDD72YLz6hbPaS,LinkBC,0,1,0,0,1,0,0,1,Element
R_3hDD72YLz6hbPaS,Loops,0,1,-99,0,-99,-99,-99,-99,Element
R_3hDD72YLz6hbPaS,Modularity,0,0,0,1,1,0,1,0,Cluster
R_3hDD72YLz6hbPaS,NodeBC,0,1,0,0,1,0,0,1,Element
R_3hDD72YLz6hbPaS,NodeDegree,0,1,1,0,0,1,0,0,Element
R_3hDD72YLz6hbPaS,NumComponents,0,1,1,0,0,1,0,0,Cluster
R_3hDD72YLz6hbPaS,NumLinks,0,1,1,0,0,1,0,0,Graph
R_3hDD72YLz6hbPaS,NumNodes,0,1,1,0,0,1,0,0,Graph
R_3iU7PzrgHv1uazJ,AvgDegree,0,1,1,0,0,1,0,0,Graph
R_3iU7PzrgHv1uazJ,AvgPathLength,0,1,1,0,0,1,0,0,Graph
R_3iU7PzrgHv1uazJ,AvgShortestPath,0,1,1,0,0,1,0,0,Graph
R_3iU7PzrgHv1uazJ,ClosenessCentrality,0,1,1,0,0,1,0,0,Element
R_3iU7PzrgHv1uazJ,ClusteringCoeff,0,0,0,1,1,0,1,0,Graph
R_3iU7PzrgHv1uazJ,ComponentSize,0,1,1,0,0,1,0,0,Cluster
R_3iU7PzrgHv1uazJ,Density,0,1,1,0,0,1,0,0,Graph
R_3iU7PzrgHv1uazJ,Diameter,0,1,1,0,0,1,0,0,Graph
R_3iU7PzrgHv1uazJ,EigenvectorCentrality,0,1,1,0,0,1,0,0,Element
R_3iU7PzrgHv1uazJ,LinkBC,0,0,0,1,1,0,1,0,Element
R_3iU7PzrgHv1uazJ,Loops,1,0,-99,1,-99,-99,-99,-99,Element
R_3iU7PzrgHv1uazJ,Modularity,0,1,0,0,1,0,0,1,Cluster
R_3iU7PzrgHv1uazJ,NodeBC,0,1,1,0,0,1,0,0,Element
R_3iU7PzrgHv1uazJ,NodeDegree,0,1,1,0,0,1,0,0,Element
R_3iU7PzrgHv1uazJ,NumComponents,0,1,1,0,0,1,0,0,Cluster
R_3iU7PzrgHv1uazJ,NumLinks,0,1,1,0,0,1,0,0,Graph
R_3iU7PzrgHv1uazJ,NumNodes,0,1,1,0,0,1,0,0,Graph
R_3MM8jaXJ5M71QCe,AvgDegree,0,1,0,0,1,0,0,1,Graph
R_3MM8jaXJ5M71QCe,AvgPathLength,0,1,0,0,1,0,0,1,Graph
R_3MM8jaXJ5M71QCe,AvgShortestPath,0,0,0,1,1,0,1,0,Graph
R_3MM8jaXJ5M71QCe,ClosenessCentrality,0,1,0,0,1,0,0,1,Element
R_3MM8jaXJ5M71QCe,ClusteringCoeff,0,1,0,0,1,0,0,1,Graph
R_3MM8jaXJ5M71QCe,ComponentSize,0,0,0,1,1,0,1,0,Cluster
R_3MM8jaXJ5M71QCe,Density,0,1,0,0,1,0,0,1,Graph
R_3MM8jaXJ5M71QCe,Diameter,0,0,0,1,1,0,1,0,Graph
R_3MM8jaXJ5M71QCe,EigenvectorCentrality,0,1,0,0,1,0,0,1,Element
R_3MM8jaXJ5M71QCe,LinkBC,0,1,0,0,1,0,0,1,Element
R_3MM8jaXJ5M71QCe,Loops,0,0,-99,1,-99,-99,-99,-99,Element
R_3MM8jaXJ5M71QCe,Modularity,0,1,0,0,1,0,0,1,Cluster
R_3MM8jaXJ5M71QCe,NodeBC,0,1,0,0,1,0,0,1,Element
R_3MM8jaXJ5M71QCe,NodeDegree,0,1,0,0,1,0,0,1,Element
R_3MM8jaXJ5M71QCe,NumComponents,0,1,1,0,0,1,0,0,Cluster
R_3MM8jaXJ5M71QCe,NumLinks,0,1,0,0,1,0,0,1,Graph
R_3MM8jaXJ5M71QCe,NumNodes,0,1,1,0,0,1,0,0,Graph
R_3NyxmcO61vzTICb,AvgDegree,0,1,1,0,0,1,0,0,Graph
R_3NyxmcO61vzTICb,AvgPathLength,0,1,1,0,0,1,0,0,Graph
R_3NyxmcO61vzTICb,AvgShortestPath,0,1,1,0,0,1,0,0,Graph
R_3NyxmcO61vzTICb,ClosenessCentrality,0,1,1,0,0,1,0,0,Element
R_3NyxmcO61vzTICb,ClusteringCoeff,0,1,1,0,0,1,0,0,Graph
R_3NyxmcO61vzTICb,ComponentSize,0,1,1,0,0,1,0,0,Cluster
R_3NyxmcO61vzTICb,Density,0,1,1,0,0,1,0,0,Graph
R_3NyxmcO61vzTICb,Diameter,0,1,1,0,0,1,0,0,Graph
R_3NyxmcO61vzTICb,EigenvectorCentrality,0,1,1,0,0,1,0,0,Element
R_3NyxmcO61vzTICb,LinkBC,0,1,1,0,0,1,0,0,Element
R_3NyxmcO61vzTICb,Loops,1,-99,-99,-99,-99,-99,-99,-99,Element
R_3NyxmcO61vzTICb,Modularity,0,1,1,0,0,1,0,0,Cluster
R_3NyxmcO61vzTICb,NodeBC,0,1,1,0,0,1,0,0,Element
R_3NyxmcO61vzTICb,NodeDegree,0,1,1,0,0,1,0,0,Element
R_3NyxmcO61vzTICb,NumComponents,0,1,1,0,0,1,0,0,Cluster
R_3NyxmcO61vzTICb,NumLinks,0,1,1,0,0,1,0,0,Graph
R_3NyxmcO61vzTICb,NumNodes,0,1,1,0,0,1,0,0,Graph
R_3oGXNGPfa75g7bx,AvgDegree,0,1,1,0,0,1,0,0,Graph
R_3oGXNGPfa75g7bx,AvgPathLength,0,1,1,0,0,1,0,0,Graph
R_3oGXNGPfa75g7bx,AvgShortestPath,0,1,1,0,0,1,0,0,Graph
R_3oGXNGPfa75g7bx,ClosenessCentrality,0,1,1,0,0,1,0,0,Element
R_3oGXNGPfa75g7bx,ClusteringCoeff,0,1,1,0,0,1,0,0,Graph
R_3oGXNGPfa75g7bx,ComponentSize,0,1,1,0,0,1,0,0,Cluster
R_3oGXNGPfa75g7bx,Density,0,1,1,0,0,1,0,0,Graph
R_3oGXNGPfa75g7bx,Diameter,0,1,1,0,0,1,0,0,Graph
R_3oGXNGPfa75g7bx,EigenvectorCentrality,0,1,1,0,0,1,0,0,Element
R_3oGXNGPfa75g7bx,LinkBC,0,1,1,0,0,1,0,0,Element
R_3oGXNGPfa75g7bx,Loops,0,0,-99,1,-99,-99,-99,-99,Element
R_3oGXNGPfa75g7bx,Modularity,0,1,1,0,0,1,0,0,Cluster
R_3oGXNGPfa75g7bx,NodeBC,0,1,1,0,0,1,0,0,Element
R_3oGXNGPfa75g7bx,NodeDegree,0,1,1,0,0,1,0,0,Element
R_3oGXNGPfa75g7bx,NumComponents,0,1,1,0,0,1,0,0,Cluster
R_3oGXNGPfa75g7bx,NumLinks,0,1,1,0,0,1,0,0,Graph
R_3oGXNGPfa75g7bx,NumNodes,0,1,1,0,0,1,0,0,Graph
R_3p51xJ2ERVu65mI,AvgDegree,0,0,0,1,1,0,1,0,Graph
R_3p51xJ2ERVu65mI,AvgPathLength,0,0,0,1,1,0,1,0,Graph
R_3p51xJ2ERVu65mI,AvgShortestPath,0,0,0,1,1,0,1,0,Graph
R_3p51xJ2ERVu65mI,ClosenessCentrality,0,0,0,1,1,0,1,0,Element
R_3p51xJ2ERVu65mI,ClusteringCoeff,0,0,0,1,1,0,1,0,Graph
R_3p51xJ2ERVu65mI,ComponentSize,0,0,0,1,1,0,1,0,Cluster
R_3p51xJ2ERVu65mI,Density,0,1,0,0,1,0,0,1,Graph
R_3p51xJ2ERVu65mI,Diameter,0,0,0,1,1,0,1,0,Graph
R_3p51xJ2ERVu65mI,EigenvectorCentrality,0,0,0,1,1,0,1,0,Element
R_3p51xJ2ERVu65mI,LinkBC,0,0,0,1,1,0,1,0,Element
R_3p51xJ2ERVu65mI,Loops,0,0,-99,1,-99,-99,-99,-99,Element
R_3p51xJ2ERVu65mI,Modularity,0,0,0,1,1,0,1,0,Cluster
R_3p51xJ2ERVu65mI,NodeBC,0,0,0,1,1,0,1,0,Element
R_3p51xJ2ERVu65mI,NodeDegree,0,0,0,1,1,0,1,0,Element
R_3p51xJ2ERVu65mI,NumComponents,0,1,0,0,1,0,0,1,Cluster
R_3p51xJ2ERVu65mI,NumLinks,0,1,0,0,1,0,0,1,Graph
R_3p51xJ2ERVu65mI,NumNodes,0,1,0,0,1,0,0,1,Graph
R_3qjuOfZdr9eHu36,AvgDegree,0,1,0,0,1,0,0,1,Graph
R_3qjuOfZdr9eHu36,AvgPathLength,0,1,1,0,0,1,0,0,Graph
R_3qjuOfZdr9eHu36,AvgShortestPath,0,1,0,0,1,0,0,1,Graph
R_3qjuOfZdr9eHu36,ClosenessCentrality,0,0,0,1,1,0,1,0,Element
R_3qjuOfZdr9eHu36,ClusteringCoeff,0,1,1,0,0,1,0,0,Graph
R_3qjuOfZdr9eHu36,ComponentSize,0,1,1,0,0,1,0,0,Cluster
R_3qjuOfZdr9eHu36,Density,0,1,0,0,1,0,0,1,Graph
R_3qjuOfZdr9eHu36,Diameter,0,1,1,0,0,1,0,0,Graph
R_3qjuOfZdr9eHu36,EigenvectorCentrality,0,0,0,1,1,0,1,0,Element
R_3qjuOfZdr9eHu36,LinkBC,0,0,0,1,1,0,1,0,Element
R_3qjuOfZdr9eHu36,Loops,0,0,-99,1,-99,-99,-99,-99,Element
R_3qjuOfZdr9eHu36,Modularity,0,1,1,0,0,1,0,0,Cluster
R_3qjuOfZdr9eHu36,NodeBC,0,1,0,0,1,0,0,1,Element
R_3qjuOfZdr9eHu36,NodeDegree,0,1,0,0,1,0,0,1,Element
R_3qjuOfZdr9eHu36,NumComponents,0,1,1,0,0,1,0,0,Cluster
R_3qjuOfZdr9eHu36,NumLinks,0,1,1,0,0,1,0,0,Graph
R_3qjuOfZdr9eHu36,NumNodes,0,1,1,0,0,1,0,0,Graph
R_3rIGH7ESZPu3fjU,AvgDegree,0,1,0,0,1,0,0,1,Graph
R_3rIGH7ESZPu3fjU,AvgPathLength,0,1,0,0,1,0,0,1,Graph
R_3rIGH7ESZPu3fjU,AvgShortestPath,0,1,0,0,1,0,0,1,Graph
R_3rIGH7ESZPu3fjU,ClosenessCentrality,0,0,0,1,1,0,1,0,Element
R_3rIGH7ESZPu3fjU,ClusteringCoeff,0,1,0,0,1,0,0,1,Graph
R_3rIGH7ESZPu3fjU,ComponentSize,0,1,1,0,0,1,0,0,Cluster
R_3rIGH7ESZPu3fjU,Density,0,1,0,0,1,0,0,1,Graph
R_3rIGH7ESZPu3fjU,Diameter,0,0,0,1,1,0,1,0,Graph
R_3rIGH7ESZPu3fjU,EigenvectorCentrality,0,0,0,1,1,0,1,0,Element
R_3rIGH7ESZPu3fjU,LinkBC,0,1,1,0,0,1,0,0,Element
R_3rIGH7ESZPu3fjU,Loops,0,0,-99,1,-99,-99,-99,-99,Element
R_3rIGH7ESZPu3fjU,Modularity,0,1,1,0,0,1,0,0,Cluster
R_3rIGH7ESZPu3fjU,NodeBC,0,0,1,1,0,0,0,1,Element
R_3rIGH7ESZPu3fjU,NodeDegree,0,1,1,0,0,1,0,0,Element
R_3rIGH7ESZPu3fjU,NumComponents,0,1,1,0,0,1,0,0,Cluster
R_3rIGH7ESZPu3fjU,NumLinks,0,1,0,0,1,0,0,1,Graph
R_3rIGH7ESZPu3fjU,NumNodes,0,1,1,0,0,1,0,0,Graph
R_3RpFllC4M88ovGJ,AvgDegree,0,1,1,0,0,1,0,0,Graph
R_3RpFllC4M88ovGJ,AvgPathLength,0,1,1,0,0,1,0,0,Graph
R_3RpFllC4M88ovGJ,AvgShortestPath,0,1,1,0,0,1,0,0,Graph
R_3RpFllC4M88ovGJ,ClosenessCentrality,0,1,0,0,1,0,0,1,Element
R_3RpFllC4M88ovGJ,ClusteringCoeff,0,1,0,0,1,0,0,1,Graph
R_3RpFllC4M88ovGJ,ComponentSize,0,1,1,0,0,1,0,0,Cluster
R_3RpFllC4M88ovGJ,Density,0,1,1,0,0,1,0,0,Graph
R_3RpFllC4M88ovGJ,Diameter,0,1,1,0,0,1,0,0,Graph
R_3RpFllC4M88ovGJ,EigenvectorCentrality,0,1,0,0,1,0,0,1,Element
R_3RpFllC4M88ovGJ,LinkBC,0,0,0,1,1,0,1,0,Element
R_3RpFllC4M88ovGJ,Loops,0,1,-99,0,-99,-99,-99,-99,Element
R_3RpFllC4M88ovGJ,Modularity,0,1,0,0,1,0,0,1,Cluster
R_3RpFllC4M88ovGJ,NodeBC,0,1,0,0,1,0,0,1,Element
R_3RpFllC4M88ovGJ,NodeDegree,0,1,1,0,0,1,0,0,Element
R_3RpFllC4M88ovGJ,NumComponents,0,1,1,0,0,1,0,0,Cluster
R_3RpFllC4M88ovGJ,NumLinks,0,1,1,0,0,1,0,0,Graph
R_3RpFllC4M88ovGJ,NumNodes,0,1,1,0,0,1,0,0,Graph
R_3Rw50dqAiSwMpAV,AvgDegree,0,1,1,0,0,1,0,0,Graph
R_3Rw50dqAiSwMpAV,AvgPathLength,0,1,1,0,0,1,0,0,Graph
R_3Rw50dqAiSwMpAV,AvgShortestPath,0,1,1,0,0,1,0,0,Graph
R_3Rw50dqAiSwMpAV,ClosenessCentrality,0,1,0,0,1,0,0,1,Element
R_3Rw50dqAiSwMpAV,ClusteringCoeff,0,1,0,0,1,0,0,1,Graph
R_3Rw50dqAiSwMpAV,ComponentSize,0,1,1,0,0,1,0,0,Cluster
R_3Rw50dqAiSwMpAV,Density,0,1,1,0,0,1,0,0,Graph
R_3Rw50dqAiSwMpAV,Diameter,0,1,1,0,0,1,0,0,Graph
R_3Rw50dqAiSwMpAV,EigenvectorCentrality,0,1,0,0,1,0,0,1,Element
R_3Rw50dqAiSwMpAV,LinkBC,0,1,0,0,1,0,0,1,Element
R_3Rw50dqAiSwMpAV,Loops,1,0,-99,1,-99,-99,-99,-99,Element
R_3Rw50dqAiSwMpAV,Modularity,0,1,1,0,0,1,0,0,Cluster
R_3Rw50dqAiSwMpAV,NodeBC,0,1,1,0,0,1,0,0,Element
R_3Rw50dqAiSwMpAV,NodeDegree,0,1,0,0,1,0,0,1,Element
R_3Rw50dqAiSwMpAV,NumComponents,0,1,1,0,0,1,0,0,Cluster
R_3Rw50dqAiSwMpAV,NumLinks,0,1,1,0,0,1,0,0,Graph
R_3Rw50dqAiSwMpAV,NumNodes,0,1,1,0,0,1,0,0,Graph
R_3saKCh7MajZZhYs,AvgDegree,0,0,0,1,1,0,1,0,Graph
R_3saKCh7MajZZhYs,AvgPathLength,0,1,1,0,0,1,0,0,Graph
R_3saKCh7MajZZhYs,AvgShortestPath,0,0,1,1,0,0,0,1,Graph
R_3saKCh7MajZZhYs,ClosenessCentrality,0,1,1,0,0,1,0,0,Element
R_3saKCh7MajZZhYs,ClusteringCoeff,0,0,0,1,1,0,1,0,Graph
R_3saKCh7MajZZhYs,ComponentSize,1,-99,0,-99,1,-99,-99,-99,Cluster
R_3saKCh7MajZZhYs,Density,0,1,1,0,0,1,0,0,Graph
R_3saKCh7MajZZhYs,Diameter,1,-99,1,-99,0,-99,-99,-99,Graph
R_3saKCh7MajZZhYs,EigenvectorCentrality,0,1,1,0,0,1,0,0,Element
R_3saKCh7MajZZhYs,LinkBC,1,-99,1,-99,0,-99,-99,-99,Element
R_3saKCh7MajZZhYs,Loops,0,1,-99,0,-99,-99,-99,-99,Element
R_3saKCh7MajZZhYs,Modularity,0,1,0,0,1,0,0,1,Cluster
R_3saKCh7MajZZhYs,NodeBC,0,1,0,0,1,0,0,1,Element
R_3saKCh7MajZZhYs,NodeDegree,0,1,1,0,0,1,0,0,Element
R_3saKCh7MajZZhYs,NumComponents,0,0,0,1,1,0,1,0,Cluster
R_3saKCh7MajZZhYs,NumLinks,0,1,1,0,0,1,0,0,Graph
R_3saKCh7MajZZhYs,NumNodes,0,1,1,0,0,1,0,0,Graph
R_3sjpriaqdQo1Uyo,AvgDegree,0,1,0,0,1,0,0,1,Graph
R_3sjpriaqdQo1Uyo,AvgPathLength,0,0,0,1,1,0,1,0,Graph
R_3sjpriaqdQo1Uyo,AvgShortestPath,0,0,0,1,1,0,1,0,Graph
R_3sjpriaqdQo1Uyo,ClosenessCentrality,0,0,0,1,1,0,1,0,Element
R_3sjpriaqdQo1Uyo,ClusteringCoeff,0,0,0,1,1,0,1,0,Graph
R_3sjpriaqdQo1Uyo,ComponentSize,0,0,0,1,1,0,1,0,Cluster
R_3sjpriaqdQo1Uyo,Density,0,0,0,1,1,0,1,0,Graph
R_3sjpriaqdQo1Uyo,Diameter,0,0,0,1,1,0,1,0,Graph
R_3sjpriaqdQo1Uyo,EigenvectorCentrality,0,0,0,1,1,0,1,0,Element
R_3sjpriaqdQo1Uyo,LinkBC,0,0,0,1,1,0,1,0,Element
R_3sjpriaqdQo1Uyo,Loops,0,0,-99,1,-99,-99,-99,-99,Element
R_3sjpriaqdQo1Uyo,Modularity,0,0,0,1,1,0,1,0,Cluster
R_3sjpriaqdQo1Uyo,NodeBC,0,0,0,1,1,0,1,0,Element
R_3sjpriaqdQo1Uyo,NodeDegree,0,0,0,1,1,0,1,0,Element
R_3sjpriaqdQo1Uyo,NumComponents,0,0,0,1,1,0,1,0,Cluster
R_3sjpriaqdQo1Uyo,NumLinks,0,1,0,0,1,0,0,1,Graph
R_3sjpriaqdQo1Uyo,NumNodes,0,1,0,0,1,0,0,1,Graph
R_3vXFJRU6fr0eugd,AvgDegree,0,1,0,0,1,0,0,1,Graph
R_3vXFJRU6fr0eugd,AvgPathLength,0,0,0,1,1,0,1,0,Graph
R_3vXFJRU6fr0eugd,AvgShortestPath,0,0,0,1,1,0,1,0,Graph
R_3vXFJRU6fr0eugd,ClosenessCentrality,0,1,0,0,1,0,0,1,Element
R_3vXFJRU6fr0eugd,ClusteringCoeff,0,1,0,0,1,0,0,1,Graph
R_3vXFJRU6fr0eugd,ComponentSize,0,0,1,1,0,0,0,1,Cluster
R_3vXFJRU6fr0eugd,Density,0,1,0,0,1,0,0,1,Graph
R_3vXFJRU6fr0eugd,Diameter,0,0,0,1,1,0,1,0,Graph
R_3vXFJRU6fr0eugd,EigenvectorCentrality,0,0,0,1,1,0,1,0,Element
R_3vXFJRU6fr0eugd,LinkBC,1,-99,0,-99,1,-99,-99,-99,Element
R_3vXFJRU6fr0eugd,Loops,0,0,-99,1,-99,-99,-99,-99,Element
R_3vXFJRU6fr0eugd,Modularity,0,0,1,1,0,0,0,1,Cluster
R_3vXFJRU6fr0eugd,NodeBC,0,0,0,1,1,0,1,0,Element
R_3vXFJRU6fr0eugd,NodeDegree,0,1,0,0,1,0,0,1,Element
R_3vXFJRU6fr0eugd,NumComponents,0,0,1,1,0,0,0,1,Cluster
R_3vXFJRU6fr0eugd,NumLinks,0,1,0,0,1,0,0,1,Graph
R_3vXFJRU6fr0eugd,NumNodes,0,1,1,0,0,1,0,0,Graph
R_4YjbI202p4cbq7j,AvgDegree,0,1,0,0,1,0,0,1,Graph
R_4YjbI202p4cbq7j,AvgPathLength,0,1,0,0,1,0,0,1,Graph
R_4YjbI202p4cbq7j,AvgShortestPath,0,1,0,0,1,0,0,1,Graph
R_4YjbI202p4cbq7j,ClosenessCentrality,0,1,0,0,1,0,0,1,Element
R_4YjbI202p4cbq7j,ClusteringCoeff,0,1,1,0,0,1,0,0,Graph
R_4YjbI202p4cbq7j,ComponentSize,0,1,1,0,0,1,0,0,Cluster
R_4YjbI202p4cbq7j,Density,0,1,1,0,0,1,0,0,Graph
R_4YjbI202p4cbq7j,Diameter,0,1,0,0,1,0,0,1,Graph
R_4YjbI202p4cbq7j,EigenvectorCentrality,0,1,0,0,1,0,0,1,Element
R_4YjbI202p4cbq7j,LinkBC,0,1,0,0,1,0,0,1,Element
R_4YjbI202p4cbq7j,Loops,0,1,-99,0,-99,-99,-99,-99,Element
R_4YjbI202p4cbq7j,Modularity,0,1,1,0,0,1,0,0,Cluster
R_4YjbI202p4cbq7j,NodeBC,0,1,0,0,1,0,0,1,Element
R_4YjbI202p4cbq7j,NodeDegree,0,1,1,0,0,1,0,0,Element
R_4YjbI202p4cbq7j,NumComponents,0,1,1,0,0,1,0,0,Cluster
R_4YjbI202p4cbq7j,NumLinks,0,1,1,0,0,1,0,0,Graph
R_4YjbI202p4cbq7j,NumNodes,0,1,1,0,0,1,0,0,Graph
R_5iF9CA6uCTgpHUJ,AvgDegree,0,0,0,1,1,0,1,0,Graph
R_5iF9CA6uCTgpHUJ,AvgPathLength,0,0,1,1,0,0,0,1,Graph
R_5iF9CA6uCTgpHUJ,AvgShortestPath,0,0,1,1,0,0,0,1,Graph
R_5iF9CA6uCTgpHUJ,ClosenessCentrality,0,0,1,1,0,0,0,1,Element
R_5iF9CA6uCTgpHUJ,ClusteringCoeff,0,0,0,1,1,0,1,0,Graph
R_5iF9CA6uCTgpHUJ,ComponentSize,0,0,0,1,1,0,1,0,Cluster
R_5iF9CA6uCTgpHUJ,Density,0,0,1,1,0,0,0,1,Graph
R_5iF9CA6uCTgpHUJ,Diameter,0,0,1,1,0,0,0,1,Graph
R_5iF9CA6uCTgpHUJ,EigenvectorCentrality,0,0,1,1,0,0,0,1,Element
R_5iF9CA6uCTgpHUJ,LinkBC,1,0,-99,1,-99,-99,-99,-99,Element
R_5iF9CA6uCTgpHUJ,Loops,1,0,-99,1,-99,-99,-99,-99,Element
R_5iF9CA6uCTgpHUJ,Modularity,0,0,0,1,1,0,1,0,Cluster
R_5iF9CA6uCTgpHUJ,NodeBC,0,0,1,1,0,0,0,1,Element
R_5iF9CA6uCTgpHUJ,NodeDegree,0,1,1,0,0,1,0,0,Element
R_5iF9CA6uCTgpHUJ,NumComponents,0,1,0,0,1,0,0,1,Cluster
R_5iF9CA6uCTgpHUJ,NumLinks,0,1,1,0,0,1,0,0,Graph
R_5iF9CA6uCTgpHUJ,NumNodes,0,1,1,0,0,1,0,0,Graph
R_6ihpeGuLUVbNpid,AvgDegree,0,1,1,0,0,1,0,0,Graph
R_6ihpeGuLUVbNpid,AvgPathLength,0,1,-99,0,-99,-99,-99,-99,Graph
R_6ihpeGuLUVbNpid,AvgShortestPath,0,1,-99,0,-99,-99,-99,-99,Graph
R_6ihpeGuLUVbNpid,ClosenessCentrality,0,1,-99,0,-99,-99,-99,-99,Element
R_6ihpeGuLUVbNpid,ClusteringCoeff,0,1,-99,0,-99,-99,-99,-99,Graph
R_6ihpeGuLUVbNpid,ComponentSize,0,1,-99,0,-99,-99,-99,-99,Cluster
R_6ihpeGuLUVbNpid,Density,0,1,-99,0,-99,-99,-99,-99,Graph
R_6ihpeGuLUVbNpid,Diameter,0,1,-99,0,-99,-99,-99,-99,Graph
R_6ihpeGuLUVbNpid,EigenvectorCentrality,0,1,-99,0,-99,-99,-99,-99,Element
R_6ihpeGuLUVbNpid,LinkBC,0,1,-99,0,-99,-99,-99,-99,Element
R_6ihpeGuLUVbNpid,Loops,0,-99,-99,-99,-99,-99,-99,-99,Element
R_6ihpeGuLUVbNpid,Modularity,0,1,-99,0,-99,-99,-99,-99,Cluster
R_6ihpeGuLUVbNpid,NodeBC,0,1,-99,0,-99,-99,-99,-99,Element
R_6ihpeGuLUVbNpid,NodeDegree,0,1,-99,0,-99,-99,-99,-99,Element
R_6ihpeGuLUVbNpid,NumComponents,0,1,-99,0,-99,-99,-99,-99,Cluster
R_6ihpeGuLUVbNpid,NumLinks,0,1,1,0,0,1,0,0,Graph
R_6ihpeGuLUVbNpid,NumNodes,0,1,1,0,0,1,0,0,Graph
R_6yxxeE1mA9nHbO1,AvgDegree,0,-99,-99,-99,-99,-99,-99,-99,Graph
R_6yxxeE1mA9nHbO1,AvgPathLength,0,-99,-99,-99,-99,-99,-99,-99,Graph
R_6yxxeE1mA9nHbO1,AvgShortestPath,0,-99,-99,-99,-99,-99,-99,-99,Graph
R_6yxxeE1mA9nHbO1,ClosenessCentrality,0,-99,-99,-99,-99,-99,-99,-99,Element
R_6yxxeE1mA9nHbO1,ClusteringCoeff,0,-99,-99,-99,-99,-99,-99,-99,Graph
R_6yxxeE1mA9nHbO1,ComponentSize,0,-99,-99,-99,-99,-99,-99,-99,Cluster
R_6yxxeE1mA9nHbO1,Density,0,-99,-99,-99,-99,-99,-99,-99,Graph
R_6yxxeE1mA9nHbO1,Diameter,0,-99,-99,-99,-99,-99,-99,-99,Graph
R_6yxxeE1mA9nHbO1,EigenvectorCentrality,0,-99,-99,-99,-99,-99,-99,-99,Element
R_6yxxeE1mA9nHbO1,LinkBC,0,-99,-99,-99,-99,-99,-99,-99,Element
R_6yxxeE1mA9nHbO1,Loops,0,-99,-99,-99,-99,-99,-99,-99,Element
R_6yxxeE1mA9nHbO1,Modularity,0,-99,-99,-99,-99,-99,-99,-99,Cluster
R_6yxxeE1mA9nHbO1,NodeBC,0,-99,-99,-99,-99,-99,-99,-99,Element
R_6yxxeE1mA9nHbO1,NodeDegree,0,-99,-99,-99,-99,-99,-99,-99,Element
R_6yxxeE1mA9nHbO1,NumComponents,0,-99,-99,-99,-99,-99,-99,-99,Cluster
R_6yxxeE1mA9nHbO1,NumLinks,0,-99,-99,-99,-99,-99,-99,-99,Graph
R_6yxxeE1mA9nHbO1,NumNodes,0,-99,-99,-99,-99,-99,-99,-99,Graph
R_7VvqIVhS4Nku8sF,AvgDegree,0,0,0,1,1,0,1,0,Graph
R_7VvqIVhS4Nku8sF,AvgPathLength,0,0,0,1,1,0,1,0,Graph
R_7VvqIVhS4Nku8sF,AvgShortestPath,0,1,0,0,1,0,0,1,Graph
R_7VvqIVhS4Nku8sF,ClosenessCentrality,0,1,0,0,1,0,0,1,Element
R_7VvqIVhS4Nku8sF,ClusteringCoeff,0,1,0,0,1,0,0,1,Graph
R_7VvqIVhS4Nku8sF,ComponentSize,0,0,1,1,0,0,0,1,Cluster
R_7VvqIVhS4Nku8sF,Density,0,1,0,0,1,0,0,1,Graph
R_7VvqIVhS4Nku8sF,Diameter,0,1,0,0,1,0,0,1,Graph
R_7VvqIVhS4Nku8sF,EigenvectorCentrality,0,1,0,0,1,0,0,1,Element
R_7VvqIVhS4Nku8sF,LinkBC,0,1,0,0,1,0,0,1,Element
R_7VvqIVhS4Nku8sF,Loops,0,0,-99,1,-99,-99,-99,-99,Element
R_7VvqIVhS4Nku8sF,Modularity,0,0,0,1,1,0,1,0,Cluster
R_7VvqIVhS4Nku8sF,NodeBC,0,1,0,0,1,0,0,1,Element
R_7VvqIVhS4Nku8sF,NodeDegree,0,1,0,0,1,0,0,1,Element
R_7VvqIVhS4Nku8sF,NumComponents,0,0,1,1,0,0,0,1,Cluster
R_7VvqIVhS4Nku8sF,NumLinks,0,1,0,0,1,0,0,1,Graph
R_7VvqIVhS4Nku8sF,NumNodes,0,0,1,1,0,0,0,1,Graph
R_9pntOeiUhrkoFOR,AvgDegree,0,1,1,0,0,1,0,0,Graph
R_9pntOeiUhrkoFOR,AvgPathLength,0,0,1,1,0,0,0,1,Graph
R_9pntOeiUhrkoFOR,AvgShortestPath,0,0,1,1,0,0,0,1,Graph
R_9pntOeiUhrkoFOR,ClosenessCentrality,0,1,1,0,0,1,0,0,Element
R_9pntOeiUhrkoFOR,ClusteringCoeff,0,0,0,1,1,0,1,0,Graph
R_9pntOeiUhrkoFOR,ComponentSize,0,1,1,0,0,1,0,0,Cluster
R_9pntOeiUhrkoFOR,Density,0,1,1,0,0,1,0,0,Graph
R_9pntOeiUhrkoFOR,Diameter,0,0,1,1,0,0,0,1,Graph
R_9pntOeiUhrkoFOR,EigenvectorCentrality,0,1,1,0,0,1,0,0,Element
R_9pntOeiUhrkoFOR,LinkBC,0,1,0,0,1,0,0,1,Element
R_9pntOeiUhrkoFOR,Loops,1,-99,-99,-99,-99,-99,-99,-99,Element
R_9pntOeiUhrkoFOR,Modularity,0,0,1,1,0,0,0,1,Cluster
R_9pntOeiUhrkoFOR,NodeBC,0,1,1,0,0,1,0,0,Element
R_9pntOeiUhrkoFOR,NodeDegree,0,1,1,0,0,1,0,0,Element
R_9pntOeiUhrkoFOR,NumComponents,0,1,0,0,1,0,0,1,Cluster
R_9pntOeiUhrkoFOR,NumLinks,0,1,1,0,0,1,0,0,Graph
R_9pntOeiUhrkoFOR,NumNodes,0,1,1,0,0,1,0,0,Graph
R_ApRTzyJc28GpyGR,AvgDegree,0,1,0,0,1,0,0,1,Graph
R_ApRTzyJc28GpyGR,AvgPathLength,0,1,0,0,1,0,0,1,Graph
R_ApRTzyJc28GpyGR,AvgShortestPath,0,1,0,0,1,0,0,1,Graph
R_ApRTzyJc28GpyGR,ClosenessCentrality,0,0,0,1,1,0,1,0,Element
R_ApRTzyJc28GpyGR,ClusteringCoeff,0,1,0,0,1,0,0,1,Graph
R_ApRTzyJc28GpyGR,ComponentSize,0,1,0,0,1,0,0,1,Cluster
R_ApRTzyJc28GpyGR,Density,0,1,0,0,1,0,0,1,Graph
R_ApRTzyJc28GpyGR,Diameter,0,0,1,1,0,0,0,1,Graph
R_ApRTzyJc28GpyGR,EigenvectorCentrality,0,1,0,0,1,0,0,1,Element
R_ApRTzyJc28GpyGR,LinkBC,1,0,-99,1,-99,-99,-99,-99,Element
R_ApRTzyJc28GpyGR,Loops,1,0,-99,1,-99,-99,-99,-99,Element
R_ApRTzyJc28GpyGR,Modularity,0,1,1,0,0,1,0,0,Cluster
R_ApRTzyJc28GpyGR,NodeBC,0,1,1,0,0,1,0,0,Element
R_ApRTzyJc28GpyGR,NodeDegree,0,1,1,0,0,1,0,0,Element
R_ApRTzyJc28GpyGR,NumComponents,0,1,0,0,1,0,0,1,Cluster
R_ApRTzyJc28GpyGR,NumLinks,0,1,0,0,1,0,0,1,Graph
R_ApRTzyJc28GpyGR,NumNodes,0,1,0,0,1,0,0,1,Graph
R_CdCbDe26aei6eul,AvgDegree,0,1,1,0,0,1,0,0,Graph
R_CdCbDe26aei6eul,AvgPathLength,0,1,1,0,0,1,0,0,Graph
R_CdCbDe26aei6eul,AvgShortestPath,0,1,1,0,0,1,0,0,Graph
R_CdCbDe26aei6eul,ClosenessCentrality,0,1,0,0,1,0,0,1,Element
R_CdCbDe26aei6eul,ClusteringCoeff,0,1,1,0,0,1,0,0,Graph
R_CdCbDe26aei6eul,ComponentSize,0,1,1,0,0,1,0,0,Cluster
R_CdCbDe26aei6eul,Density,0,1,1,0,0,1,0,0,Graph
R_CdCbDe26aei6eul,Diameter,0,0,0,1,1,0,1,0,Graph
R_CdCbDe26aei6eul,EigenvectorCentrality,0,1,0,0,1,0,0,1,Element
R_CdCbDe26aei6eul,LinkBC,0,1,1,0,0,1,0,0,Element
R_CdCbDe26aei6eul,Loops,0,1,-99,0,-99,-99,-99,-99,Element
R_CdCbDe26aei6eul,Modularity,0,1,1,0,0,1,0,0,Cluster
R_CdCbDe26aei6eul,NodeBC,0,1,1,0,0,1,0,0,Element
R_CdCbDe26aei6eul,NodeDegree,0,1,1,0,0,1,0,0,Element
R_CdCbDe26aei6eul,NumComponents,0,1,1,0,0,1,0,0,Cluster
R_CdCbDe26aei6eul,NumLinks,0,1,1,0,0,1,0,0,Graph
R_CdCbDe26aei6eul,NumNodes,0,1,0,0,1,0,0,1,Graph
R_cZ0xIa8lFcFp8l3,AvgDegree,0,1,0,0,1,0,0,1,Graph
R_cZ0xIa8lFcFp8l3,AvgPathLength,0,1,0,0,1,0,0,1,Graph
R_cZ0xIa8lFcFp8l3,AvgShortestPath,0,1,0,0,1,0,0,1,Graph
R_cZ0xIa8lFcFp8l3,ClosenessCentrality,0,1,0,0,1,0,0,1,Element
R_cZ0xIa8lFcFp8l3,ClusteringCoeff,0,1,0,0,1,0,0,1,Graph
R_cZ0xIa8lFcFp8l3,ComponentSize,0,1,1,0,0,1,0,0,Cluster
R_cZ0xIa8lFcFp8l3,Density,0,0,0,1,1,0,1,0,Graph
R_cZ0xIa8lFcFp8l3,Diameter,0,0,0,1,1,0,1,0,Graph
R_cZ0xIa8lFcFp8l3,EigenvectorCentrality,0,1,0,0,1,0,0,1,Element
R_cZ0xIa8lFcFp8l3,LinkBC,0,0,1,1,0,0,0,1,Element
R_cZ0xIa8lFcFp8l3,Loops,0,1,-99,0,-99,-99,-99,-99,Element
R_cZ0xIa8lFcFp8l3,Modularity,0,1,0,0,1,0,0,1,Cluster
R_cZ0xIa8lFcFp8l3,NodeBC,0,1,1,0,0,1,0,0,Element
R_cZ0xIa8lFcFp8l3,NodeDegree,0,1,1,0,0,1,0,0,Element
R_cZ0xIa8lFcFp8l3,NumComponents,0,1,1,0,0,1,0,0,Cluster
R_cZ0xIa8lFcFp8l3,NumLinks,0,0,0,1,1,0,1,0,Graph
R_cZ0xIa8lFcFp8l3,NumNodes,0,0,1,1,0,0,0,1,Graph
R_djvhaRoxinvZmw1,AvgDegree,0,-99,0,-99,1,-99,-99,-99,Graph
R_djvhaRoxinvZmw1,AvgPathLength,0,-99,0,-99,1,-99,-99,-99,Graph
R_djvhaRoxinvZmw1,AvgShortestPath,0,1,0,0,1,0,0,1,Graph
R_djvhaRoxinvZmw1,ClosenessCentrality,0,1,0,0,1,0,0,1,Element
R_djvhaRoxinvZmw1,ClusteringCoeff,0,1,1,0,0,1,0,0,Graph
R_djvhaRoxinvZmw1,ComponentSize,0,-99,0,-99,1,-99,-99,-99,Cluster
R_djvhaRoxinvZmw1,Density,0,-99,1,-99,0,-99,-99,-99,Graph
R_djvhaRoxinvZmw1,Diameter,0,1,0,0,1,0,0,1,Graph
R_djvhaRoxinvZmw1,EigenvectorCentrality,0,1,0,0,1,0,0,1,Element
R_djvhaRoxinvZmw1,LinkBC,0,1,1,0,0,1,0,0,Element
R_djvhaRoxinvZmw1,Loops,0,-99,-99,-99,-99,-99,-99,-99,Element
R_djvhaRoxinvZmw1,Modularity,0,-99,1,-99,0,-99,-99,-99,Cluster
R_djvhaRoxinvZmw1,NodeBC,0,1,0,0,1,0,0,1,Element
R_djvhaRoxinvZmw1,NodeDegree,0,1,1,0,0,1,0,0,Element
R_djvhaRoxinvZmw1,NumComponents,0,1,1,0,0,1,0,0,Cluster
R_djvhaRoxinvZmw1,NumLinks,0,-99,0,-99,1,-99,-99,-99,Graph
R_djvhaRoxinvZmw1,NumNodes,0,-99,1,-99,0,-99,-99,-99,Graph
R_eFqPtdxcTBlT52d,AvgDegree,0,1,1,0,0,1,0,0,Graph
R_eFqPtdxcTBlT52d,AvgPathLength,0,1,1,0,0,1,0,0,Graph
R_eFqPtdxcTBlT52d,AvgShortestPath,0,1,1,0,0,1,0,0,Graph
R_eFqPtdxcTBlT52d,ClosenessCentrality,0,1,1,0,0,1,0,0,Element
R_eFqPtdxcTBlT52d,ClusteringCoeff,0,1,1,0,0,1,0,0,Graph
R_eFqPtdxcTBlT52d,ComponentSize,0,1,1,0,0,1,0,0,Cluster
R_eFqPtdxcTBlT52d,Density,0,1,1,0,0,1,0,0,Graph
R_eFqPtdxcTBlT52d,Diameter,0,1,1,0,0,1,0,0,Graph
R_eFqPtdxcTBlT52d,EigenvectorCentrality,0,1,1,0,0,1,0,0,Element
R_eFqPtdxcTBlT52d,LinkBC,0,1,1,0,0,1,0,0,Element
R_eFqPtdxcTBlT52d,Loops,0,1,-99,0,-99,-99,-99,-99,Element
R_eFqPtdxcTBlT52d,Modularity,0,0,1,1,0,0,0,1,Cluster
R_eFqPtdxcTBlT52d,NodeBC,0,1,1,0,0,1,0,0,Element
R_eFqPtdxcTBlT52d,NodeDegree,0,1,1,0,0,1,0,0,Element
R_eFqPtdxcTBlT52d,NumComponents,0,1,1,0,0,1,0,0,Cluster
R_eFqPtdxcTBlT52d,NumLinks,0,1,1,0,0,1,0,0,Graph
R_eFqPtdxcTBlT52d,NumNodes,0,1,1,0,0,1,0,0,Graph
R_R92KbjOpYg0GiAh,AvgDegree,0,1,1,0,0,1,0,0,Graph
R_R92KbjOpYg0GiAh,AvgPathLength,0,1,0,0,1,0,0,1,Graph
R_R92KbjOpYg0GiAh,AvgShortestPath,0,1,0,0,1,0,0,1,Graph
R_R92KbjOpYg0GiAh,ClosenessCentrality,0,1,0,0,1,0,0,1,Element
R_R92KbjOpYg0GiAh,ClusteringCoeff,0,1,0,0,1,0,0,1,Graph
R_R92KbjOpYg0GiAh,ComponentSize,0,1,0,0,1,0,0,1,Cluster
R_R92KbjOpYg0GiAh,Density,0,1,0,0,1,0,0,1,Graph
R_R92KbjOpYg0GiAh,Diameter,0,0,0,1,1,0,1,0,Graph
R_R92KbjOpYg0GiAh,EigenvectorCentrality,0,1,0,0,1,0,0,1,Element
R_R92KbjOpYg0GiAh,LinkBC,0,1,1,0,0,1,0,0,Element
R_R92KbjOpYg0GiAh,Loops,0,0,-99,1,-99,-99,-99,-99,Element
R_R92KbjOpYg0GiAh,Modularity,0,1,1,0,0,1,0,0,Cluster
R_R92KbjOpYg0GiAh,NodeBC,0,1,0,0,1,0,0,1,Element
R_R92KbjOpYg0GiAh,NodeDegree,0,1,0,0,1,0,0,1,Element
R_R92KbjOpYg0GiAh,NumComponents,0,1,0,0,1,0,0,1,Cluster
R_R92KbjOpYg0GiAh,NumLinks,0,1,0,0,1,0,0,1,Graph
R_R92KbjOpYg0GiAh,NumNodes,0,-99,1,-99,0,-99,-99,-99,Graph
R_Ti9bsXd3c3mfOed,AvgDegree,0,1,0,0,1,0,0,1,Graph
R_Ti9bsXd3c3mfOed,AvgPathLength,0,1,0,0,1,0,0,1,Graph
R_Ti9bsXd3c3mfOed,AvgShortestPath,0,1,0,0,1,0,0,1,Graph
R_Ti9bsXd3c3mfOed,ClosenessCentrality,0,1,1,0,0,1,0,0,Element
R_Ti9bsXd3c3mfOed,ClusteringCoeff,0,1,0,0,1,0,0,1,Graph
R_Ti9bsXd3c3mfOed,ComponentSize,0,0,0,1,1,0,1,0,Cluster
R_Ti9bsXd3c3mfOed,Density,0,1,0,0,1,0,0,1,Graph
R_Ti9bsXd3c3mfOed,Diameter,0,1,0,0,1,0,0,1,Graph
R_Ti9bsXd3c3mfOed,EigenvectorCentrality,0,1,0,0,1,0,0,1,Element
R_Ti9bsXd3c3mfOed,LinkBC,0,0,1,1,0,0,0,1,Element
R_Ti9bsXd3c3mfOed,Loops,1,-99,-99,-99,-99,-99,-99,-99,Element
R_Ti9bsXd3c3mfOed,Modularity,0,0,0,1,1,0,1,0,Cluster
R_Ti9bsXd3c3mfOed,NodeBC,0,1,1,0,0,1,0,0,Element
R_Ti9bsXd3c3mfOed,NodeDegree,0,1,1,0,0,1,0,0,Element
R_Ti9bsXd3c3mfOed,NumComponents,0,1,1,0,0,1,0,0,Cluster
R_Ti9bsXd3c3mfOed,NumLinks,0,1,0,0,1,0,0,1,Graph
R_Ti9bsXd3c3mfOed,NumNodes,0,1,1,0,0,1,0,0,Graph
R_UPTysfHcU0TSpgZ,AvgDegree,0,1,0,0,1,0,0,1,Graph
R_UPTysfHcU0TSpgZ,AvgPathLength,0,1,0,0,1,0,0,1,Graph
R_UPTysfHcU0TSpgZ,AvgShortestPath,0,1,0,0,1,0,0,1,Graph
R_UPTysfHcU0TSpgZ,ClosenessCentrality,0,1,0,0,1,0,0,1,Element
R_UPTysfHcU0TSpgZ,ClusteringCoeff,0,1,0,0,1,0,0,1,Graph
R_UPTysfHcU0TSpgZ,ComponentSize,0,1,0,0,1,0,0,1,Cluster
R_UPTysfHcU0TSpgZ,Density,0,1,0,0,1,0,0,1,Graph
R_UPTysfHcU0TSpgZ,Diameter,0,1,0,0,1,0,0,1,Graph
R_UPTysfHcU0TSpgZ,EigenvectorCentrality,0,1,0,0,1,0,0,1,Element
R_UPTysfHcU0TSpgZ,LinkBC,0,1,0,0,1,0,0,1,Element
R_UPTysfHcU0TSpgZ,Loops,0,1,-99,0,-99,-99,-99,-99,Element
R_UPTysfHcU0TSpgZ,Modularity,0,1,1,0,0,1,0,0,Cluster
R_UPTysfHcU0TSpgZ,NodeBC,0,1,0,0,1,0,0,1,Element
R_UPTysfHcU0TSpgZ,NodeDegree,0,1,0,0,1,0,0,1,Element
R_UPTysfHcU0TSpgZ,NumComponents,0,1,0,0,1,0,0,1,Cluster
R_UPTysfHcU0TSpgZ,NumLinks,0,1,0,0,1,0,0,1,Graph
R_UPTysfHcU0TSpgZ,NumNodes,0,1,0,0,1,0,0,1,Graph
R_UVJxAeo1U2CyUbD,AvgDegree,0,1,1,0,0,1,0,0,Graph
R_UVJxAeo1U2CyUbD,AvgPathLength,0,0,0,1,1,0,1,0,Graph
R_UVJxAeo1U2CyUbD,AvgShortestPath,0,0,0,1,1,0,1,0,Graph
R_UVJxAeo1U2CyUbD,ClosenessCentrality,0,0,0,1,1,0,1,0,Element
R_UVJxAeo1U2CyUbD,ClusteringCoeff,0,1,0,0,1,0,0,1,Graph
R_UVJxAeo1U2CyUbD,ComponentSize,0,0,1,1,0,0,0,1,Cluster
R_UVJxAeo1U2CyUbD,Density,0,1,1,0,0,1,0,0,Graph
R_UVJxAeo1U2CyUbD,Diameter,0,0,1,1,0,0,0,1,Graph
R_UVJxAeo1U2CyUbD,EigenvectorCentrality,0,0,0,1,1,0,1,0,Element
R_UVJxAeo1U2CyUbD,LinkBC,0,0,1,1,0,0,0,1,Element
R_UVJxAeo1U2CyUbD,Loops,0,0,-99,1,-99,-99,-99,-99,Element
R_UVJxAeo1U2CyUbD,Modularity,0,1,1,0,0,1,0,0,Cluster
R_UVJxAeo1U2CyUbD,NodeBC,0,0,1,1,0,0,0,1,Element
R_UVJxAeo1U2CyUbD,NodeDegree,0,1,1,0,0,1,0,0,Element
R_UVJxAeo1U2CyUbD,NumComponents,0,0,1,1,0,0,0,1,Cluster
R_UVJxAeo1U2CyUbD,NumLinks,0,1,1,0,0,1,0,0,Graph
R_UVJxAeo1U2CyUbD,NumNodes,0,1,1,0,0,1,0,0,Graph
R_vpoKMIyme70E6UV,AvgDegree,0,1,0,0,1,0,0,1,Graph
R_vpoKMIyme70E6UV,AvgPathLength,0,1,0,0,1,0,0,1,Graph
R_vpoKMIyme70E6UV,AvgShortestPath,0,1,0,0,1,0,0,1,Graph
R_vpoKMIyme70E6UV,ClosenessCentrality,0,1,0,0,1,0,0,1,Element
R_vpoKMIyme70E6UV,ClusteringCoeff,0,1,0,0,1,0,0,1,Graph
R_vpoKMIyme70E6UV,ComponentSize,0,1,1,0,0,1,0,0,Cluster
R_vpoKMIyme70E6UV,Density,0,1,0,0,1,0,0,1,Graph
R_vpoKMIyme70E6UV,Diameter,0,1,1,0,0,1,0,0,Graph
R_vpoKMIyme70E6UV,EigenvectorCentrality,0,1,0,0,1,0,0,1,Element
R_vpoKMIyme70E6UV,LinkBC,0,1,0,0,1,0,0,1,Element
R_vpoKMIyme70E6UV,Loops,0,1,-99,0,-99,-99,-99,-99,Element
R_vpoKMIyme70E6UV,Modularity,0,1,0,0,1,0,0,1,Cluster
R_vpoKMIyme70E6UV,NodeBC,0,1,0,0,1,0,0,1,Element
R_vpoKMIyme70E6UV,NodeDegree,0,1,0,0,1,0,0,1,Element
R_vpoKMIyme70E6UV,NumComponents,0,1,1,0,0,1,0,0,Cluster
R_vpoKMIyme70E6UV,NumLinks,0,1,0,0,1,0,0,1,Graph
R_vpoKMIyme70E6UV,NumNodes,0,1,0,0,1,0,0,1,Graph
R_vV3Gqg2AcbAi37P,AvgDegree,0,1,-99,0,-99,-99,-99,-99,Graph
R_vV3Gqg2AcbAi37P,AvgPathLength,0,1,-99,0,-99,-99,-99,-99,Graph
R_vV3Gqg2AcbAi37P,AvgShortestPath,0,1,-99,0,-99,-99,-99,-99,Graph
R_vV3Gqg2AcbAi37P,ClosenessCentrality,0,1,-99,0,-99,-99,-99,-99,Element
R_vV3Gqg2AcbAi37P,ClusteringCoeff,0,1,-99,0,-99,-99,-99,-99,Graph
R_vV3Gqg2AcbAi37P,ComponentSize,0,1,-99,0,-99,-99,-99,-99,Cluster
R_vV3Gqg2AcbAi37P,Density,0,1,-99,0,-99,-99,-99,-99,Graph
R_vV3Gqg2AcbAi37P,Diameter,0,1,-99,0,-99,-99,-99,-99,Graph
R_vV3Gqg2AcbAi37P,EigenvectorCentrality,0,1,-99,0,-99,-99,-99,-99,Element
R_vV3Gqg2AcbAi37P,LinkBC,0,1,-99,0,-99,-99,-99,-99,Element
R_vV3Gqg2AcbAi37P,Loops,0,1,-99,0,-99,-99,-99,-99,Element
R_vV3Gqg2AcbAi37P,Modularity,0,1,-99,0,-99,-99,-99,-99,Cluster
R_vV3Gqg2AcbAi37P,NodeBC,0,1,-99,0,-99,-99,-99,-99,Element
R_vV3Gqg2AcbAi37P,NodeDegree,0,1,-99,0,-99,-99,-99,-99,Element
R_vV3Gqg2AcbAi37P,NumComponents,0,1,-99,0,-99,-99,-99,-99,Cluster
R_vV3Gqg2AcbAi37P,NumLinks,0,1,-99,0,-99,-99,-99,-99,Graph
R_vV3Gqg2AcbAi37P,NumNodes,0,1,-99,0,-99,-99,-99,-99,Graph
